Country;Date;Confirmed;New_Confirmed;Deaths;New_Deaths;Recovered;New_Recovered;Active;New_Active;Year;Month;Day;Week_Day;Deaths_Ratio;Recovered_Ratio;Active_Ratio;Day_Since_1st_Confirmed;Day_Since_100st_Confirmed;New_Confirmed_Rank
Belgium;2020-02-04;    1;   1;   0;   0;    0;  0;    1;   1;2020;luty; 4;wtorek;0,0000;0,0000;1,0000;  1;  0;194,5
Belgium;2020-02-05;    1;   0;   0;   0;    0;  0;    1;   0;2020;luty; 5;środa;0,0000;0,0000;1,0000;  2;  0;211,0
Belgium;2020-02-06;    1;   0;   0;   0;    0;  0;    1;   0;2020;luty; 6;czwartek;0,0000;0,0000;1,0000;  3;  0;211,0
Belgium;2020-02-07;    1;   0;   0;   0;    0;  0;    1;   0;2020;luty; 7;piątek;0,0000;0,0000;1,0000;  4;  0;211,0
Belgium;2020-02-08;    1;   0;   0;   0;    0;  0;    1;   0;2020;luty; 8;sobota;0,0000;0,0000;1,0000;  5;  0;211,0
Belgium;2020-02-09;    1;   0;   0;   0;    0;  0;    1;   0;2020;luty; 9;niedziela;0,0000;0,0000;1,0000;  6;  0;211,0
Belgium;2020-02-10;    1;   0;   0;   0;    0;  0;    1;   0;2020;luty;10;poniedziałek;0,0000;0,0000;1,0000;  7;  0;211,0
Belgium;2020-02-11;    1;   0;   0;   0;    0;  0;    1;   0;2020;luty;11;wtorek;0,0000;0,0000;1,0000;  8;  0;211,0
Belgium;2020-02-12;    1;   0;   0;   0;    0;  0;    1;   0;2020;luty;12;środa;0,0000;0,0000;1,0000;  9;  0;211,0
Belgium;2020-02-13;    1;   0;   0;   0;    0;  0;    1;   0;2020;luty;13;czwartek;0,0000;0,0000;1,0000; 10;  0;211,0
Belgium;2020-02-14;    1;   0;   0;   0;    0;  0;    1;   0;2020;luty;14;piątek;0,0000;0,0000;1,0000; 11;  0;211,0
Belgium;2020-02-15;    1;   0;   0;   0;    0;  0;    1;   0;2020;luty;15;sobota;0,0000;0,0000;1,0000; 12;  0;211,0
Belgium;2020-02-16;    1;   0;   0;   0;    0;  0;    1;   0;2020;luty;16;niedziela;0,0000;0,0000;1,0000; 13;  0;211,0
Belgium;2020-02-17;    1;   0;   0;   0;    1;  1;    0;  -1;2020;luty;17;poniedziałek;0,0000;1,0000;0,0000; 14;  0;211,0
Belgium;2020-02-18;    1;   0;   0;   0;    1;  0;    0;   0;2020;luty;18;wtorek;0,0000;1,0000;0,0000; 15;  0;211,0
Belgium;2020-02-19;    1;   0;   0;   0;    1;  0;    0;   0;2020;luty;19;środa;0,0000;1,0000;0,0000; 16;  0;211,0
Belgium;2020-02-20;    1;   0;   0;   0;    1;  0;    0;   0;2020;luty;20;czwartek;0,0000;1,0000;0,0000; 17;  0;211,0
Belgium;2020-02-21;    1;   0;   0;   0;    1;  0;    0;   0;2020;luty;21;piątek;0,0000;1,0000;0,0000; 18;  0;211,0
Belgium;2020-02-22;    1;   0;   0;   0;    1;  0;    0;   0;2020;luty;22;sobota;0,0000;1,0000;0,0000; 19;  0;211,0
Belgium;2020-02-23;    1;   0;   0;   0;    1;  0;    0;   0;2020;luty;23;niedziela;0,0000;1,0000;0,0000; 20;  0;211,0
Belgium;2020-02-24;    1;   0;   0;   0;    1;  0;    0;   0;2020;luty;24;poniedziałek;0,0000;1,0000;0,0000; 21;  0;211,0
Belgium;2020-02-25;    1;   0;   0;   0;    1;  0;    0;   0;2020;luty;25;wtorek;0,0000;1,0000;0,0000; 22;  0;211,0
Belgium;2020-02-26;    1;   0;   0;   0;    1;  0;    0;   0;2020;luty;26;środa;0,0000;1,0000;0,0000; 23;  0;211,0
Belgium;2020-02-27;    1;   0;   0;   0;    1;  0;    0;   0;2020;luty;27;czwartek;0,0000;1,0000;0,0000; 24;  0;211,0
Belgium;2020-02-28;    1;   0;   0;   0;    1;  0;    0;   0;2020;luty;28;piątek;0,0000;1,0000;0,0000; 25;  0;211,0
Belgium;2020-02-29;    1;   0;   0;   0;    1;  0;    0;   0;2020;luty;29;sobota;0,0000;1,0000;0,0000; 26;  0;211,0
Belgium;2020-03-01;    2;   1;   0;   0;    1;  0;    1;   1;2020;marzec; 1;niedziela;0,0000;0,5000;0,5000; 27;  0;194,5
Belgium;2020-03-02;    8;   6;   0;   0;    1;  0;    7;   6;2020;marzec; 2;poniedziałek;0,0000;0,1250;0,8750; 28;  0;192,0
Belgium;2020-03-03;   13;   5;   0;   0;    1;  0;   12;   5;2020;marzec; 3;wtorek;0,0000;0,0769;0,9231; 29;  0;193,0
Belgium;2020-03-04;   23;  10;   0;   0;    1;  0;   22;  10;2020;marzec; 4;środa;0,0000;0,0435;0,9565; 30;  0;191,0
Belgium;2020-03-05;   50;  27;   0;   0;    1;  0;   49;  27;2020;marzec; 5;czwartek;0,0000;0,0200;0,9800; 31;  0;190,0
Belgium;2020-03-06;  109;  59;   0;   0;    1;  0;  108;  59;2020;marzec; 6;piątek;0,0000;0,0092;0,9908; 32;  1;183,0
Belgium;2020-03-07;  169;  60;   0;   0;    1;  0;  168;  60;2020;marzec; 7;sobota;0,0000;0,0059;0,9941; 33;  2;182,0
Belgium;2020-03-08;  200;  31;   0;   0;    1;  0;  199;  31;2020;marzec; 8;niedziela;0,0000;0,0050;0,9950; 34;  3;188,0
Belgium;2020-03-09;  239;  39;   0;   0;    1;  0;  238;  39;2020;marzec; 9;poniedziałek;0,0000;0,0042;0,9958; 35;  4;187,0
Belgium;2020-03-10;  267;  28;   0;   0;    1;  0;  266;  28;2020;marzec;10;wtorek;0,0000;0,0037;0,9963; 36;  5;189,0
Belgium;2020-03-11;  314;  47;   3;   3;    1;  0;  310;  44;2020;marzec;11;środa;0,0096;0,0032;0,9873; 37;  6;185,0
Belgium;2020-03-12;  314;   0;   3;   0;    1;  0;  310;   0;2020;marzec;12;czwartek;0,0096;0,0032;0,9873; 38;  7;211,0
Belgium;2020-03-13;  559; 245;   3;   0;    1;  0;  555; 245;2020;marzec;13;piątek;0,0054;0,0018;0,9928; 39;  8;122,0
Belgium;2020-03-14;  689; 130;   4;   1;    1;  0;  684; 129;2020;marzec;14;sobota;0,0058;0,0015;0,9927; 40;  9;150,0
Belgium;2020-03-15;  886; 197;   4;   0;    1;  0;  881; 197;2020;marzec;15;niedziela;0,0045;0,0011;0,9944; 41; 10;133,0
Belgium;2020-03-16; 1058; 172;   5;   1;    1;  0; 1052; 171;2020;marzec;16;poniedziałek;0,0047;0,0009;0,9943; 42; 11;139,0
Belgium;2020-03-17; 1243; 185;  10;   5;    1;  0; 1232; 180;2020;marzec;17;wtorek;0,0080;0,0008;0,9912; 43; 12;137,0
Belgium;2020-03-18; 1486; 243;  14;   4;   31; 30; 1441; 209;2020;marzec;18;środa;0,0094;0,0209;0,9697; 44; 13;123,0
Belgium;2020-03-19; 1795; 309;  21;   7;   31;  0; 1743; 302;2020;marzec;19;czwartek;0,0117;0,0173;0,9710; 45; 14;107,0
Belgium;2020-03-20; 2257; 462;  37;  16;    1;-30; 2219; 476;2020;marzec;20;piątek;0,0164;0,0004;0,9832; 46; 15; 83,0
Belgium;2020-03-21; 2815; 558;  67;  30;  263;262; 2485; 266;2020;marzec;21;sobota;0,0238;0,0934;0,8828; 47; 16; 65,0
Belgium;2020-03-22; 3401; 586;  75;   8;  263;  0; 3063; 578;2020;marzec;22;niedziela;0,0221;0,0773;0,9006; 48; 17; 60,0
Belgium;2020-03-23; 3743; 342;  88;  13;  263;  0; 3392; 329;2020;marzec;23;poniedziałek;0,0235;0,0703;0,9062; 49; 18;104,0
Belgium;2020-03-24; 4269; 526; 122;  34;  461;198; 3686; 294;2020;marzec;24;wtorek;0,0286;0,1080;0,8634; 50; 19; 72,0
Belgium;2020-03-25; 4937; 668; 178;  56;  547; 86; 4212; 526;2020;marzec;25;środa;0,0361;0,1108;0,8531; 51; 20; 48,0
Belgium;2020-03-26; 6235;1298; 220;  42;  675;128; 5340;1128;2020;marzec;26;czwartek;0,0353;0,1083;0,8565; 52; 21; 16,0
Belgium;2020-03-27; 7284;1049; 289;  69;  858;183; 6137; 797;2020;marzec;27;piątek;0,0397;0,1178;0,8425; 53; 22; 24,0
Belgium;2020-03-28; 9134;1850; 353;  64; 1063;205; 7718;1581;2020;marzec;28;sobota;0,0386;0,1164;0,8450; 54; 23;  2,0
Belgium;2020-03-29;10836;1702; 431;  78; 1359;296; 9046;1328;2020;marzec;29;niedziela;0,0398;0,1254;0,8348; 55; 24;  3,0
Belgium;2020-03-30;11899;1063; 513;  82; 1527;168; 9859; 813;2020;marzec;30;poniedziałek;0,0431;0,1283;0,8286; 56; 25; 23,0
Belgium;2020-03-31;12775; 876; 705; 192; 1696;169;10374; 515;2020;marzec;31;wtorek;0,0552;0,1328;0,8121; 57; 26; 36,0
Belgium;2020-04-01;13964;1189; 828; 123; 2132;436;11004; 630;2020;kwiecień; 1;środa;0,0593;0,1527;0,7880; 58; 27; 20,0
Belgium;2020-04-02;15348;1384;1011; 183; 2495;363;11842; 838;2020;kwiecień; 2;czwartek;0,0659;0,1626;0,7716; 59; 28; 11,0
Belgium;2020-04-03;16770;1422;1143; 132; 2872;377;12755; 913;2020;kwiecień; 3;piątek;0,0682;0,1713;0,7606; 60; 29; 10,0
Belgium;2020-04-04;18431;1661;1283; 140; 3247;375;13901;1146;2020;kwiecień; 4;sobota;0,0696;0,1762;0,7542; 61; 30;  5,0
Belgium;2020-04-05;19691;1260;1447; 164; 3751;504;14493; 592;2020;kwiecień; 5;niedziela;0,0735;0,1905;0,7360; 62; 31; 17,0
Belgium;2020-04-06;20814;1123;1632; 185; 3986;235;15196; 703;2020;kwiecień; 6;poniedziałek;0,0784;0,1915;0,7301; 63; 32; 22,0
Belgium;2020-04-07;22194;1380;2035; 403; 4157;171;16002; 806;2020;kwiecień; 7;wtorek;0,0917;0,1873;0,7210; 64; 33; 12,0
Belgium;2020-04-08;23403;1209;2240; 205; 4681;524;16482; 480;2020;kwiecień; 8;środa;0,0957;0,2000;0,7043; 65; 34; 19,0
Belgium;2020-04-09;24983;1580;2523; 283; 5164;483;17296; 814;2020;kwiecień; 9;czwartek;0,1010;0,2067;0,6923; 66; 35;  7,0
Belgium;2020-04-10;26667;1684;3019; 496; 5568;404;18080; 784;2020;kwiecień;10;piątek;0,1132;0,2088;0,6780; 67; 36;  4,0
Belgium;2020-04-11;28018;1351;3346; 327; 5986;418;18686; 606;2020;kwiecień;11;sobota;0,1194;0,2136;0,6669; 68; 37; 13,0
Belgium;2020-04-12;29647;1629;3600; 254; 6463;477;19584; 898;2020;kwiecień;12;niedziela;0,1214;0,2180;0,6606; 69; 38;  6,0
Belgium;2020-04-13;30589; 942;3903; 303; 6707;244;19979; 395;2020;kwiecień;13;poniedziałek;0,1276;0,2193;0,6531; 70; 39; 30,0
Belgium;2020-04-14;31119; 530;4157; 254; 6868;161;20094; 115;2020;kwiecień;14;wtorek;0,1336;0,2207;0,6457; 71; 40; 70,0
Belgium;2020-04-15;33573;2454;4440; 283; 7107;239;22026;1932;2020;kwiecień;15;środa;0,1322;0,2117;0,6561; 72; 41;  1,0
Belgium;2020-04-16;34809;1236;4857; 417; 7562;455;22390; 364;2020;kwiecień;16;czwartek;0,1395;0,2172;0,6432; 73; 42; 18,0
Belgium;2020-04-17;36138;1329;5163; 306; 7961;399;23014; 624;2020;kwiecień;17;piątek;0,1429;0,2203;0,6368; 74; 43; 14,0
Belgium;2020-04-18;37183;1045;5453; 290; 8348;387;23382; 368;2020;kwiecień;18;sobota;0,1467;0,2245;0,6288; 75; 44; 25,0
Belgium;2020-04-19;38496;1313;5683; 230; 8757;409;24056; 674;2020;kwiecień;19;niedziela;0,1476;0,2275;0,6249; 76; 45; 15,0
Belgium;2020-04-20;39983;1487;5828; 145; 8895;138;25260;1204;2020;kwiecień;20;poniedziałek;0,1458;0,2225;0,6318; 77; 46;  9,0
Belgium;2020-04-21;40956; 973;5998; 170; 9002;107;25956; 696;2020;kwiecień;21;wtorek;0,1464;0,2198;0,6338; 78; 47; 28,0
Belgium;2020-04-22;41889; 933;6262; 264; 9433;431;26194; 238;2020;kwiecień;22;środa;0,1495;0,2252;0,6253; 79; 48; 32,0
Belgium;2020-04-23;42797; 908;6490; 228; 9800;367;26507; 313;2020;kwiecień;23;czwartek;0,1516;0,2290;0,6194; 80; 49; 34,0
Belgium;2020-04-24;44293;1496;6679; 189;10122;322;27492; 985;2020;kwiecień;24;piątek;0,1508;0,2285;0,6207; 81; 50;  8,0
Belgium;2020-04-25;45325;1032;6917; 238;10417;295;27991; 499;2020;kwiecień;25;sobota;0,1526;0,2298;0,6176; 82; 51; 26,0
Belgium;2020-04-26;46134; 809;7094; 177;10785;368;28255; 264;2020;kwiecień;26;niedziela;0,1538;0,2338;0,6125; 83; 52; 39,0
Belgium;2020-04-27;46687; 553;7207; 113;10878; 93;28602; 347;2020;kwiecień;27;poniedziałek;0,1544;0,2330;0,6126; 84; 53; 66,0
Belgium;2020-04-28;47334; 647;7331; 124;10943; 65;29060; 458;2020;kwiecień;28;wtorek;0,1549;0,2312;0,6139; 85; 54; 52,5
Belgium;2020-04-29;47859; 525;7501; 170;11283;340;29075;  15;2020;kwiecień;29;środa;0,1567;0,2358;0,6075; 86; 55; 73,0
Belgium;2020-04-30;48519; 660;7594;  93;11576;293;29349; 274;2020;kwiecień;30;czwartek;0,1565;0,2386;0,6049; 87; 56; 49,0
Belgium;2020-05-01;49032; 513;7703; 109;11892;316;29437;  88;2020;maj; 1;piątek;0,1571;0,2425;0,6004; 88; 57; 74,0
Belgium;2020-05-02;49517; 485;7765;  62;12211;319;29541; 104;2020;maj; 2;sobota;0,1568;0,2466;0,5966; 89; 58; 77,5
Belgium;2020-05-03;49906; 389;7844;  79;12309; 98;29753; 212;2020;maj; 3;niedziela;0,1572;0,2466;0,5962; 90; 59; 91,0
Belgium;2020-05-04;50267; 361;7924;  80;12378; 69;29965; 212;2020;maj; 4;poniedziałek;0,1576;0,2462;0,5961; 91; 60; 99,0
Belgium;2020-05-05;50509; 242;8016;  92;12441; 63;30052;  87;2020;maj; 5;wtorek;0,1587;0,2463;0,5950; 92; 61;124,0
Belgium;2020-05-06;50781; 272;8339; 323;12731;290;29711;-341;2020;maj; 6;środa;0,1642;0,2507;0,5851; 93; 62;115,0
Belgium;2020-05-07;51420; 639;8415;  76;12980;249;30025; 314;2020;maj; 7;czwartek;0,1637;0,2524;0,5839; 94; 63; 54,5
Belgium;2020-05-08;52011; 591;8521; 106;13201;221;30289; 264;2020;maj; 8;piątek;0,1638;0,2538;0,5824; 95; 64; 59,0
Belgium;2020-05-09;52596; 585;8581;  60;13411;210;30604; 315;2020;maj; 9;sobota;0,1631;0,2550;0,5819; 96; 65; 61,0
Belgium;2020-05-10;53081; 485;8656;  75;13642;231;30783; 179;2020;maj;10;niedziela;0,1631;0,2570;0,5799; 97; 66; 77,5
Belgium;2020-05-11;53449; 368;8707;  51;13697; 55;31045; 262;2020;maj;11;poniedziałek;0,1629;0,2563;0,5808; 98; 67; 96,0
Belgium;2020-05-12;53779; 330;8761;  54;13732; 35;31286; 241;2020;maj;12;wtorek;0,1629;0,2553;0,5818; 99; 68;106,0
Belgium;2020-05-13;53981; 202;8843;  82;13937;205;31201; -85;2020;maj;13;środa;0,1638;0,2582;0,5780;100; 69;132,0
Belgium;2020-05-14;54288; 307;8903;  60;14111;174;31274;  73;2020;maj;14;czwartek;0,1640;0,2599;0,5761;101; 70;108,0
Belgium;2020-05-15;54644; 356;8959;  56;14301;190;31384; 110;2020;maj;15;piątek;0,1640;0,2617;0,5743;102; 71;100,0
Belgium;2020-05-16;54989; 345;9005;  46;14460;159;31524; 140;2020;maj;16;sobota;0,1638;0,2630;0,5733;103; 72;103,0
Belgium;2020-05-17;55280; 291;9052;  47;14630;170;31598;  74;2020;maj;17;niedziela;0,1637;0,2647;0,5716;104; 73;111,0
Belgium;2020-05-18;55559; 279;9080;  28;14657; 27;31822; 224;2020;maj;18;poniedziałek;0,1634;0,2638;0,5728;105; 74;113,0
Belgium;2020-05-19;55791; 232;9108;  28;14687; 30;31996; 174;2020;maj;19;wtorek;0,1633;0,2633;0,5735;106; 75;127,0
Belgium;2020-05-20;55983; 192;9150;  42;14847;160;31986; -10;2020;maj;20;środa;0,1634;0,2652;0,5714;107; 76;136,0
Belgium;2020-05-21;56235; 252;9186;  36;14988;141;32061;  75;2020;maj;21;czwartek;0,1634;0,2665;0,5701;108; 77;119,0
Belgium;2020-05-22;56511; 276;9212;  26;15123;135;32176; 115;2020;maj;22;piątek;0,1630;0,2676;0,5694;109; 78;114,0
Belgium;2020-05-23;56810; 299;9237;  25;15155; 32;32418; 242;2020;maj;23;sobota;0,1626;0,2668;0,5706;110; 79;109,5
Belgium;2020-05-24;57092; 282;9280;  43;15272;117;32540; 122;2020;maj;24;niedziela;0,1625;0,2675;0,5700;111; 80;112,0
Belgium;2020-05-25;57342; 250;9312;  32;15297; 25;32733; 193;2020;maj;25;poniedziałek;0,1624;0,2668;0,5708;112; 81;121,0
Belgium;2020-05-26;57455; 113;9334;  22;15320; 23;32801;  68;2020;maj;26;wtorek;0,1625;0,2666;0,5709;113; 82;155,0
Belgium;2020-05-27;57592; 137;9364;  30;15465;145;32763; -38;2020;maj;27;środa;0,1626;0,2685;0,5689;114; 83;147,0
Belgium;2020-05-28;57849; 257;9388;  24;15572;107;32889; 126;2020;maj;28;czwartek;0,1623;0,2692;0,5685;115; 84;118,0
Belgium;2020-05-29;58061; 212;9430;  42;15682;110;32949;  60;2020;maj;29;piątek;0,1624;0,2701;0,5675;116; 85;129,0
Belgium;2020-05-30;58186; 125;9453;  23;15769; 87;32964;  15;2020;maj;30;sobota;0,1625;0,2710;0,5665;117; 86;153,0
Belgium;2020-05-31;58381; 195;9467;  14;15887;118;33027;  63;2020;maj;31;niedziela;0,1622;0,2721;0,5657;118; 87;134,0
Belgium;2020-06-01;58517; 136;9486;  19;15919; 32;33112;  85;2020;czerwiec; 1;poniedziałek;0,1621;0,2720;0,5659;119; 88;148,0
Belgium;2020-06-02;58615;  98;9505;  19;15934; 15;33176;  64;2020;czerwiec; 2;wtorek;0,1622;0,2718;0,5660;120; 89;165,0
Belgium;2020-06-03;58685;  70;9522;  17;15959; 25;33204;  28;2020;czerwiec; 3;środa;0,1623;0,2719;0,5658;121; 90;178,0
Belgium;2020-06-04;58767;  82;9548;  26;16048; 89;33171; -33;2020;czerwiec; 4;czwartek;0,1625;0,2731;0,5644;122; 91;173,5
Belgium;2020-06-05;58907; 140;9566;  18;16112; 64;33229;  58;2020;czerwiec; 5;piątek;0,1624;0,2735;0,5641;123; 92;146,0
Belgium;2020-06-06;59072; 165;9580;  14;16190; 78;33302;  73;2020;czerwiec; 6;sobota;0,1622;0,2741;0,5638;124; 93;140,0
Belgium;2020-06-07;59226; 154;9595;  15;16291;101;33340;  38;2020;czerwiec; 7;niedziela;0,1620;0,2751;0,5629;125; 94;143,0
Belgium;2020-06-08;59348; 122;9606;  11;16315; 24;33427;  87;2020;czerwiec; 8;poniedziałek;0,1619;0,2749;0,5632;126; 95;154,0
Belgium;2020-06-09;59437;  89;9619;  13;16324;  9;33494;  67;2020;czerwiec; 9;wtorek;0,1618;0,2746;0,5635;127; 96;168,0
Belgium;2020-06-10;59569; 132;9629;  10;16392; 68;33548;  54;2020;czerwiec;10;środa;0,1616;0,2752;0,5632;128; 97;149,0
Belgium;2020-06-11;59711; 142;9636;   7;16453; 61;33622;  74;2020;czerwiec;11;czwartek;0,1614;0,2755;0,5631;129; 98;145,0
Belgium;2020-06-12;59819; 108;9646;  10;16498; 45;33675;  53;2020;czerwiec;12;piątek;0,1613;0,2758;0,5629;130; 99;160,0
Belgium;2020-06-13;59918;  99;9650;   4;16547; 49;33721;  46;2020;czerwiec;13;sobota;0,1611;0,2762;0,5628;131;100;163,5
Belgium;2020-06-14;60029; 111;9655;   5;16589; 42;33785;  64;2020;czerwiec;14;niedziela;0,1608;0,2763;0,5628;132;101;157,5
Belgium;2020-06-15;60100;  71;9661;   6;16610; 21;33829;  44;2020;czerwiec;15;poniedziałek;0,1607;0,2764;0,5629;133;102;177,0
Belgium;2020-06-16;60155;  55;9663;   2;16625; 15;33867;  38;2020;czerwiec;16;wtorek;0,1606;0,2764;0,5630;134;103;184,0
Belgium;2020-06-17;60244;  89;9675;  12;16684; 59;33885;  18;2020;czerwiec;17;środa;0,1606;0,2769;0,5625;135;104;168,0
Belgium;2020-06-18;60348; 104;9683;   8;16724; 40;33941;  56;2020;czerwiec;18;czwartek;0,1605;0,2771;0,5624;136;105;161,0
Belgium;2020-06-19;60476; 128;9695;  12;16751; 27;34030;  89;2020;czerwiec;19;piątek;0,1603;0,2770;0,5627;137;106;152,0
Belgium;2020-06-20;60550;  74;9696;   1;16771; 20;34083;  53;2020;czerwiec;20;sobota;0,1601;0,2770;0,5629;138;107;175,5
Belgium;2020-06-21;60550;   0;9696;   0;16771;  0;34083;   0;2020;czerwiec;21;niedziela;0,1601;0,2770;0,5629;139;108;211,0
Belgium;2020-06-22;60550;   0;9696;   0;16771;  0;34083;   0;2020;czerwiec;22;poniedziałek;0,1601;0,2770;0,5629;140;109;211,0
Belgium;2020-06-23;60810; 260;9713;  17;16771;  0;34326; 243;2020;czerwiec;23;wtorek;0,1597;0,2758;0,5645;141;110;117,0
Belgium;2020-06-24;60898;  88;9722;   9;16771;  0;34405;  79;2020;czerwiec;24;środa;0,1596;0,2754;0,5650;142;111;170,0
Belgium;2020-06-25;61007; 109;9726;   4;16890;119;34391; -14;2020;czerwiec;25;czwartek;0,1594;0,2769;0,5637;143;112;159,0
Belgium;2020-06-26;61106;  99;9731;   5;16918; 28;34457;  66;2020;czerwiec;26;piątek;0,1592;0,2769;0,5639;144;113;163,5
Belgium;2020-06-27;61209; 103;9732;   1;16941; 23;34536;  79;2020;czerwiec;27;sobota;0,1590;0,2768;0,5642;145;114;162,0
Belgium;2020-06-28;61295;  86;9732;   0;16941;  0;34622;  86;2020;czerwiec;28;niedziela;0,1588;0,2764;0,5648;146;115;172,0
Belgium;2020-06-29;61361;  66;9732;   0;16941;  0;34688;  66;2020;czerwiec;29;poniedziałek;0,1586;0,2761;0,5653;147;116;179,5
Belgium;2020-06-30;61427;  66;9747;  15;16984; 43;34696;   8;2020;czerwiec;30;wtorek;0,1587;0,2765;0,5648;148;117;179,5
Belgium;2020-07-01;61509;  82;9754;   7;17021; 37;34734;  38;2020;lipiec; 1;środa;0,1586;0,2767;0,5647;149;118;173,5
Belgium;2020-07-02;61598;  89;9761;   7;17044; 23;34793;  59;2020;lipiec; 2;czwartek;0,1585;0,2767;0,5648;150;119;168,0
Belgium;2020-07-03;61727; 129;9765;   4;17073; 29;34889;  96;2020;lipiec; 3;piątek;0,1582;0,2766;0,5652;151;120;151,0
Belgium;2020-07-04;61838; 111;9771;   6;17091; 18;34976;  87;2020;lipiec; 4;sobota;0,1580;0,2764;0,5656;152;121;157,5
Belgium;2020-07-05;62016; 178;9771;   0;17091;  0;35154; 178;2020;lipiec; 5;niedziela;0,1576;0,2756;0,5669;153;122;138,0
Belgium;2020-07-06;62058;  42;9774;   3;17091;  0;35193;  39;2020;lipiec; 6;poniedziałek;0,1575;0,2754;0,5671;154;123;186,0
Belgium;2020-07-07;62058;   0;9774;   0;17122; 31;35162; -31;2020;lipiec; 7;wtorek;0,1575;0,2759;0,5666;155;124;211,0
Belgium;2020-07-08;62123;  65;9776;   2;17138; 16;35209;  47;2020;lipiec; 8;środa;0,1574;0,2759;0,5668;156;125;181,0
Belgium;2020-07-09;62210;  87;9778;   2;17159; 21;35273;  64;2020;lipiec; 9;czwartek;0,1572;0,2758;0,5670;157;126;171,0
Belgium;2020-07-10;62357; 147;9781;   3;17179; 20;35397; 124;2020;lipiec;10;piątek;0,1569;0,2755;0,5677;158;127;144,0
Belgium;2020-07-11;62469; 112;9782;   1;17196; 17;35491;  94;2020;lipiec;11;sobota;0,1566;0,2753;0,5681;159;128;156,0
Belgium;2020-07-12;62707; 238;9782;   0;17196;  0;35729; 238;2020;lipiec;12;niedziela;0,1560;0,2742;0,5698;160;129;125,0
Belgium;2020-07-13;62707;   0;9782;   0;17196;  0;35729;   0;2020;lipiec;13;poniedziałek;0,1560;0,2742;0,5698;161;130;211,0
Belgium;2020-07-14;62781;  74;9787;   5;17223; 27;35771;  42;2020;lipiec;14;wtorek;0,1559;0,2743;0,5698;162;131;175,5
Belgium;2020-07-15;62872;  91;9788;   1;17242; 19;35842;  71;2020;lipiec;15;środa;0,1557;0,2742;0,5701;163;132;166,0
Belgium;2020-07-16;63238; 366;9795;   7;17253; 11;36190; 348;2020;lipiec;16;czwartek;0,1549;0,2728;0,5723;164;133; 97,0
Belgium;2020-07-17;63499; 261;9800;   5;17289; 36;36410; 220;2020;lipiec;17;piątek;0,1543;0,2723;0,5734;165;134;116,0
Belgium;2020-07-18;63706; 207;9800;   0;17289;  0;36617; 207;2020;lipiec;18;sobota;0,1538;0,2714;0,5748;166;135;131,0
Belgium;2020-07-19;63706;   0;9800;   0;17289;  0;36617;   0;2020;lipiec;19;niedziela;0,1538;0,2714;0,5748;167;136;211,0
Belgium;2020-07-20;64094; 388;9805;   5;17321; 32;36968; 351;2020;lipiec;20;poniedziałek;0,1530;0,2702;0,5768;168;137; 92,5
Belgium;2020-07-21;64258; 164;9805;   0;17330;  9;37123; 155;2020;lipiec;21;wtorek;0,1526;0,2697;0,5777;169;138;141,0
Belgium;2020-07-22;64627; 369;9808;   3;17347; 17;37472; 349;2020;lipiec;22;środa;0,1518;0,2684;0,5798;170;139; 95,0
Belgium;2020-07-23;64847; 220;9812;   4;17369; 22;37666; 194;2020;lipiec;23;czwartek;0,1513;0,2678;0,5808;171;140;128,0
Belgium;2020-07-24;65199; 352;9817;   5;17394; 25;37988; 322;2020;lipiec;24;piątek;0,1506;0,2668;0,5826;172;141;102,0
Belgium;2020-07-25;65727; 528;9821;   4;17425; 31;38481; 493;2020;lipiec;25;sobota;0,1494;0,2651;0,5855;173;142; 71,0
Belgium;2020-07-26;66026; 299;9821;   0;17438; 13;38767; 286;2020;lipiec;26;niedziela;0,1487;0,2641;0,5871;174;143;109,5
Belgium;2020-07-27;66428; 402;9822;   1;17452; 14;39154; 387;2020;lipiec;27;poniedziałek;0,1479;0,2627;0,5894;175;144; 89,5
Belgium;2020-07-28;66662; 234;9833;  11;17476; 24;39353; 199;2020;lipiec;28;wtorek;0,1475;0,2622;0,5903;176;145;126,0
Belgium;2020-07-29;67335; 673;9836;   3;17491; 15;40008; 655;2020;lipiec;29;środa;0,1461;0,2598;0,5942;177;146; 46,0
Belgium;2020-07-30;68006; 671;9840;   4;17513; 22;40653; 645;2020;lipiec;30;czwartek;0,1447;0,2575;0,5978;178;147; 47,0
Belgium;2020-07-31;68751; 745;9841;   1;17546; 33;41364; 711;2020;lipiec;31;piątek;0,1431;0,2552;0,6016;179;148; 43,0
Belgium;2020-08-01;69402; 651;9845;   4;17573; 27;41984; 620;2020;sierpień; 1;sobota;0,1419;0,2532;0,6049;180;149; 50,5
Belgium;2020-08-02;69849; 447;9845;   0;17590; 17;42414; 430;2020;sierpień; 2;niedziela;0,1409;0,2518;0,6072;181;150; 86,0
Belgium;2020-08-03;70314; 465;9850;   5;17598;  8;42866; 452;2020;sierpień; 3;poniedziałek;0,1401;0,2503;0,6096;182;151; 82,0
Belgium;2020-08-04;70648; 334;9852;   2;17639; 41;43157; 291;2020;sierpień; 4;wtorek;0,1395;0,2497;0,6109;183;152;105,0
Belgium;2020-08-05;71158; 510;9859;   7;17661; 22;43638; 481;2020;sierpień; 5;środa;0,1386;0,2482;0,6133;184;153; 75,0
Belgium;2020-08-06;72016; 858;9861;   2;17700; 39;44455; 817;2020;sierpień; 6;czwartek;0,1369;0,2458;0,6173;185;154; 37,0
Belgium;2020-08-07;72784; 768;9866;   5;17728; 28;45190; 735;2020;sierpień; 7;piątek;0,1356;0,2436;0,6209;186;155; 40,0
Belgium;2020-08-08;73401; 617;9870;   4;17766; 38;45765; 575;2020;sierpień; 8;sobota;0,1345;0,2420;0,6235;187;156; 58,0
Belgium;2020-08-09;74152; 751;9872;   2;17780; 14;46500; 735;2020;sierpień; 9;niedziela;0,1331;0,2398;0,6271;188;157; 42,0
Belgium;2020-08-10;74620; 468;9879;   7;17792; 12;46949; 449;2020;sierpień;10;poniedziałek;0,1324;0,2384;0,6292;189;158; 80,5
Belgium;2020-08-11;75008; 388;9885;   6;17841; 49;47282; 333;2020;sierpień;11;wtorek;0,1318;0,2379;0,6304;190;159; 92,5
Belgium;2020-08-12;75647; 639;9900;  15;17883; 42;47864; 582;2020;sierpień;12;środa;0,1309;0,2364;0,6327;191;160; 54,5
Belgium;2020-08-13;76191; 544;9916;  16;17913; 30;48362; 498;2020;sierpień;13;czwartek;0,1301;0,2351;0,6347;192;161; 68,0
Belgium;2020-08-14;77113; 922;9924;   8;17941; 28;49248; 886;2020;sierpień;14;piątek;0,1287;0,2327;0,6386;193;162; 33,0
Belgium;2020-08-15;77869; 756;9935;  11;17981; 40;49953; 705;2020;sierpień;15;sobota;0,1276;0,2309;0,6415;194;163; 41,0
Belgium;2020-08-16;78323; 454;9939;   4;17994; 13;50390; 437;2020;sierpień;16;niedziela;0,1269;0,2297;0,6434;195;164; 84,0
Belgium;2020-08-17;78534; 211;9944;   5;18003;  9;50587; 197;2020;sierpień;17;poniedziałek;0,1266;0,2292;0,6441;196;165;130,0
Belgium;2020-08-18;78897; 363;9959;  15;18048; 45;50890; 303;2020;sierpień;18;wtorek;0,1262;0,2288;0,6450;197;166; 98,0
Belgium;2020-08-19;79479; 582;9969;  10;18078; 30;51432; 542;2020;sierpień;19;środa;0,1254;0,2275;0,6471;198;167; 63,0
Belgium;2020-08-20;80178; 699;9976;   7;18131; 53;52071; 639;2020;sierpień;20;czwartek;0,1244;0,2261;0,6494;199;168; 45,0
Belgium;2020-08-21;80894; 716;9985;   9;18165; 34;52744; 673;2020;sierpień;21;piątek;0,1234;0,2246;0,6520;200;169; 44,0
Belgium;2020-08-22;81468; 574;9988;   3;18204; 39;53276; 532;2020;sierpień;22;sobota;0,1226;0,2234;0,6540;201;170; 64,0
Belgium;2020-08-23;81936; 468;9992;   4;18225; 21;53719; 443;2020;sierpień;23;niedziela;0,1219;0,2224;0,6556;202;171; 80,5
Belgium;2020-08-24;82092; 156;9996;   4;18242; 17;53854; 135;2020;sierpień;24;poniedziałek;0,1218;0,2222;0,6560;203;172;142,0
Belgium;2020-08-25;82447; 355;9996;   0;18291; 49;54160; 306;2020;sierpień;25;wtorek;0,1212;0,2219;0,6569;204;173;101,0
Belgium;2020-08-26;83030; 583;9879;-117;18331; 40;54820; 660;2020;sierpień;26;środa;0,1190;0,2208;0,6602;205;174; 62,0
Belgium;2020-08-27;83500; 470;9884;   5;18360; 29;55256; 436;2020;sierpień;27;czwartek;0,1184;0,2199;0,6617;206;175; 79,0
Belgium;2020-08-28;83952; 452;9886;   2;18360;  0;55706; 450;2020;sierpień;28;piątek;0,1178;0,2187;0,6635;207;176; 85,0
Belgium;2020-08-29;84599; 647;9891;   5;18403; 43;56305; 599;2020;sierpień;29;sobota;0,1169;0,2175;0,6656;208;177; 52,5
Belgium;2020-08-30;85042; 443;9894;   3;18415; 12;56733; 428;2020;sierpień;30;niedziela;0,1163;0,2165;0,6671;209;178; 87,0
Belgium;2020-08-31;85236; 194;9895;   1;18422;  7;56919; 186;2020;sierpień;31;poniedziałek;0,1161;0,2161;0,6678;210;179;135,0
Belgium;2020-09-01;85487; 251;9897;   2;18457; 35;57133; 214;2020;wrzesień; 1;wtorek;0,1158;0,2159;0,6683;211;180;120,0
Belgium;2020-09-02;85911; 424;9898;   1;18490; 33;57523; 390;2020;wrzesień; 2;środa;0,1152;0,2152;0,6696;212;181; 88,0
Belgium;2020-09-03;86544; 633;9899;   1;18513; 23;58132; 609;2020;wrzesień; 3;czwartek;0,1144;0,2139;0,6717;213;182; 56,0
Belgium;2020-09-04;87174; 630;9901;   2;18534; 21;58739; 607;2020;wrzesień; 4;piątek;0,1136;0,2126;0,6738;214;183; 57,0
Belgium;2020-09-05;87825; 651;9906;   5;18555; 21;59364; 625;2020;wrzesień; 5;sobota;0,1128;0,2113;0,6759;215;184; 50,5
Belgium;2020-09-06;88367; 542;9907;   1;18565; 10;59895; 531;2020;wrzesień; 6;niedziela;0,1121;0,2101;0,6778;216;185; 69,0
Belgium;2020-09-07;88769; 402;9909;   2;18576; 11;60284; 389;2020;wrzesień; 7;poniedziałek;0,1116;0,2093;0,6791;217;186; 89,5
Belgium;2020-09-08;89141; 372;9912;   3;18602; 26;60627; 343;2020;wrzesień; 8;wtorek;0,1112;0,2087;0,6801;218;187; 94,0
Belgium;2020-09-09;89691; 550;9917;   5;18635; 33;61139; 512;2020;wrzesień; 9;środa;0,1106;0,2078;0,6817;219;188; 67,0
Belgium;2020-09-10;90568; 877;9917;   0;18659; 24;61992; 853;2020;wrzesień;10;czwartek;0,1095;0,2060;0,6845;220;189; 35,0
Belgium;2020-09-11;91537; 969;9919;   2;18689; 30;62929; 937;2020;wrzesień;11;piątek;0,1084;0,2042;0,6875;221;190; 29,0
Belgium;2020-09-12;92478; 941;9923;   4;18709; 20;63846; 917;2020;wrzesień;12;sobota;0,1073;0,2023;0,6904;222;191; 31,0
Belgium;2020-09-13;93455; 977;9925;   2;18723; 14;64807; 961;2020;wrzesień;13;niedziela;0,1062;0,2003;0,6935;223;192; 27,0
Belgium;2020-09-14;94306; 851;9927;   2;18737; 14;65642; 835;2020;wrzesień;14;poniedziałek;0,1053;0,1987;0,6961;224;193; 38,0
Belgium;2020-09-15;94795; 489;9930;   3;18789; 52;66076; 434;2020;wrzesień;15;wtorek;0,1048;0,1982;0,6970;225;194; 76,0
Belgium;2020-09-16;95948;1153;9935;   5;18810; 21;67203;1127;2020;wrzesień;16;środa;0,1035;0,1960;0,7004;226;195; 21,0
