Country;Date;Confirmed;New_Confirmed;Deaths;New_Deaths;Recovered;New_Recovered;Active;New_Active;Year;Month;Day;Week_Day;Deaths_Ratio;Recovered_Ratio;Active_Ratio;1_Confirmed;100_Confirmed;New_Confirmed_Rank;New_Deaths_Rank;New_Recovered_Rank;New_Active_Rank
Costa Rica;2020-03-06;     1;   1;   0; 0;     0;   0;    1;    1;2020;marzec; 6;piątek;0,0000;0,0000;1,0000;  1;  0;378,5;376,0;416,0;271,0
Costa Rica;2020-03-07;     1;   0;   0; 0;     0;   0;    1;    0;2020;marzec; 7;sobota;0,0000;0,0000;1,0000;  2;  0;428,0;376,0;416,0;322,0
Costa Rica;2020-03-08;     5;   4;   0; 0;     0;   0;    5;    4;2020;marzec; 8;niedziela;0,0000;0,0000;1,0000;  3;  0;367,5;376,0;416,0;265,0
Costa Rica;2020-03-09;     9;   4;   0; 0;     0;   0;    9;    4;2020;marzec; 9;poniedziałek;0,0000;0,0000;1,0000;  4;  0;367,5;376,0;416,0;265,0
Costa Rica;2020-03-10;     9;   0;   0; 0;     0;   0;    9;    0;2020;marzec;10;wtorek;0,0000;0,0000;1,0000;  5;  0;428,0;376,0;416,0;322,0
Costa Rica;2020-03-11;    13;   4;   0; 0;     0;   0;   13;    4;2020;marzec;11;środa;0,0000;0,0000;1,0000;  6;  0;367,5;376,0;416,0;265,0
Costa Rica;2020-03-12;    22;   9;   0; 0;     0;   0;   22;    9;2020;marzec;12;czwartek;0,0000;0,0000;1,0000;  7;  0;340,5;376,0;416,0;254,5
Costa Rica;2020-03-13;    23;   1;   0; 0;     0;   0;   23;    1;2020;marzec;13;piątek;0,0000;0,0000;1,0000;  8;  0;378,5;376,0;416,0;271,0
Costa Rica;2020-03-14;    26;   3;   0; 0;     0;   0;   26;    3;2020;marzec;14;sobota;0,0000;0,0000;1,0000;  9;  0;371,5;376,0;416,0;267,5
Costa Rica;2020-03-15;    27;   1;   0; 0;     0;   0;   27;    1;2020;marzec;15;niedziela;0,0000;0,0000;1,0000; 10;  0;378,5;376,0;416,0;271,0
Costa Rica;2020-03-16;    35;   8;   0; 0;     0;   0;   35;    8;2020;marzec;16;poniedziałek;0,0000;0,0000;1,0000; 11;  0;346,0;376,0;416,0;257,0
Costa Rica;2020-03-17;    41;   6;   0; 0;     0;   0;   41;    6;2020;marzec;17;wtorek;0,0000;0,0000;1,0000; 12;  0;358,0;376,0;416,0;260,5
Costa Rica;2020-03-18;    50;   9;   0; 0;     0;   0;   50;    9;2020;marzec;18;środa;0,0000;0,0000;1,0000; 13;  0;340,5;376,0;416,0;254,5
Costa Rica;2020-03-19;    69;  19;   1; 1;     0;   0;   68;   18;2020;marzec;19;czwartek;0,0145;0,0000;0,9855; 14;  0;314,5;267,5;416,0;233,0
Costa Rica;2020-03-20;    89;  20;   1; 0;     0;   0;   88;   20;2020;marzec;20;piątek;0,0112;0,0000;0,9888; 15;  0;309,5;376,0;416,0;228,5
Costa Rica;2020-03-21;   117;  28;   2; 1;     2;   2;  113;   25;2020;marzec;21;sobota;0,0171;0,0171;0,9658; 16;  1;298,5;267,5;349,5;223,0
Costa Rica;2020-03-22;   134;  17;   2; 0;     2;   0;  130;   17;2020;marzec;22;niedziela;0,0149;0,0149;0,9701; 17;  2;321,0;376,0;416,0;235,0
Costa Rica;2020-03-23;   158;  24;   2; 0;     2;   0;  154;   24;2020;marzec;23;poniedziałek;0,0127;0,0127;0,9747; 18;  3;303,0;376,0;416,0;224,5
Costa Rica;2020-03-24;   177;  19;   2; 0;     2;   0;  173;   19;2020;marzec;24;wtorek;0,0113;0,0113;0,9774; 19;  4;314,5;376,0;416,0;231,0
Costa Rica;2020-03-25;   201;  24;   2; 0;     2;   0;  197;   24;2020;marzec;25;środa;0,0100;0,0100;0,9801; 20;  5;303,0;376,0;416,0;224,5
Costa Rica;2020-03-26;   231;  30;   2; 0;     2;   0;  227;   30;2020;marzec;26;czwartek;0,0087;0,0087;0,9827; 21;  6;295,0;376,0;416,0;216,5
Costa Rica;2020-03-27;   263;  32;   2; 0;     3;   1;  258;   31;2020;marzec;27;piątek;0,0076;0,0114;0,9810; 22;  7;293,5;376,0;354,5;215,0
Costa Rica;2020-03-28;   295;  32;   2; 0;     3;   0;  290;   32;2020;marzec;28;sobota;0,0068;0,0102;0,9831; 23;  8;293,5;376,0;416,0;214,0
Costa Rica;2020-03-29;   314;  19;   2; 0;     3;   0;  309;   19;2020;marzec;29;niedziela;0,0064;0,0096;0,9841; 24;  9;314,5;376,0;416,0;231,0
Costa Rica;2020-03-30;   330;  16;   2; 0;     4;   1;  324;   15;2020;marzec;30;poniedziałek;0,0061;0,0121;0,9818; 25; 10;325,0;376,0;354,5;240,0
Costa Rica;2020-03-31;   347;  17;   2; 0;     4;   0;  341;   17;2020;marzec;31;wtorek;0,0058;0,0115;0,9827; 26; 11;321,0;376,0;416,0;235,0
Costa Rica;2020-04-01;   375;  28;   2; 0;     4;   0;  369;   28;2020;kwiecień; 1;środa;0,0053;0,0107;0,9840; 27; 12;298,5;376,0;416,0;220,5
Costa Rica;2020-04-02;   396;  21;   2; 0;     6;   2;  388;   19;2020;kwiecień; 2;czwartek;0,0051;0,0152;0,9798; 28; 13;307,0;376,0;349,5;231,0
Costa Rica;2020-04-03;   416;  20;   2; 0;    11;   5;  403;   15;2020;kwiecień; 3;piątek;0,0048;0,0264;0,9688; 29; 14;309,5;376,0;338,0;240,0
Costa Rica;2020-04-04;   435;  19;   2; 0;    13;   2;  420;   17;2020;kwiecień; 4;sobota;0,0046;0,0299;0,9655; 30; 15;314,5;376,0;349,5;235,0
Costa Rica;2020-04-05;   454;  19;   2; 0;    16;   3;  436;   16;2020;kwiecień; 5;niedziela;0,0044;0,0352;0,9604; 31; 16;314,5;376,0;344,5;237,0
Costa Rica;2020-04-06;   467;  13;   2; 0;    18;   2;  447;   11;2020;kwiecień; 6;poniedziałek;0,0043;0,0385;0,9572; 32; 17;331,0;376,0;349,5;248,0
Costa Rica;2020-04-07;   483;  16;   2; 0;    24;   6;  457;   10;2020;kwiecień; 7;wtorek;0,0041;0,0497;0,9462; 33; 18;325,0;376,0;332,0;251,0
Costa Rica;2020-04-08;   502;  19;   3; 1;    29;   5;  470;   13;2020;kwiecień; 8;środa;0,0060;0,0578;0,9363; 34; 19;314,5;267,5;338,0;244,5
Costa Rica;2020-04-09;   539;  37;   3; 0;    30;   1;  506;   36;2020;kwiecień; 9;czwartek;0,0056;0,0557;0,9388; 35; 20;288,5;376,0;354,5;212,0
Costa Rica;2020-04-10;   558;  19;   3; 0;    42;  12;  513;    7;2020;kwiecień;10;piątek;0,0054;0,0753;0,9194; 36; 21;314,5;376,0;306,0;258,5
Costa Rica;2020-04-11;   577;  19;   3; 0;    49;   7;  525;   12;2020;kwiecień;11;sobota;0,0052;0,0849;0,9099; 37; 22;314,5;376,0;325,0;246,0
Costa Rica;2020-04-12;   595;  18;   3; 0;    56;   7;  536;   11;2020;kwiecień;12;niedziela;0,0050;0,0941;0,9008; 38; 23;319,0;376,0;325,0;248,0
Costa Rica;2020-04-13;   612;  17;   3; 0;    62;   6;  547;   11;2020;kwiecień;13;poniedziałek;0,0049;0,1013;0,8938; 39; 24;321,0;376,0;332,0;248,0
Costa Rica;2020-04-14;   618;   6;   3; 0;    66;   4;  549;    2;2020;kwiecień;14;wtorek;0,0049;0,1068;0,8883; 40; 25;358,0;376,0;342,0;269,0
Costa Rica;2020-04-15;   626;   8;   4; 1;    67;   1;  555;    6;2020;kwiecień;15;środa;0,0064;0,1070;0,8866; 41; 26;346,0;267,5;354,5;260,5
Costa Rica;2020-04-16;   642;  16;   4; 0;    74;   7;  564;    9;2020;kwiecień;16;czwartek;0,0062;0,1153;0,8785; 42; 27;325,0;376,0;325,0;254,5
Costa Rica;2020-04-17;   649;   7;   4; 0;    88;  14;  557;   -7;2020;kwiecień;17;piątek;0,0062;0,1356;0,8582; 43; 28;351,5;376,0;300,5;380,0
Costa Rica;2020-04-18;   655;   6;   4; 0;    97;   9;  554;   -3;2020;kwiecień;18;sobota;0,0061;0,1481;0,8458; 44; 29;358,0;376,0;313,5;376,0
Costa Rica;2020-04-19;   660;   5;   5; 1;   112;  15;  543;  -11;2020;kwiecień;19;niedziela;0,0076;0,1697;0,8227; 45; 30;364,0;267,5;297,0;392,0
Costa Rica;2020-04-20;   662;   2;   6; 1;   124;  12;  532;  -11;2020;kwiecień;20;poniedziałek;0,0091;0,1873;0,8036; 46; 31;375,0;267,5;306,0;392,0
Costa Rica;2020-04-21;   669;   7;   6; 0;   150;  26;  513;  -19;2020;kwiecień;21;wtorek;0,0090;0,2242;0,7668; 47; 32;351,5;376,0;275,5;399,5
Costa Rica;2020-04-22;   681;  12;   6; 0;   180;  30;  495;  -18;2020;kwiecień;22;środa;0,0088;0,2643;0,7269; 48; 33;334,0;376,0;273,0;398,0
Costa Rica;2020-04-23;   686;   5;   6; 0;   196;  16;  484;  -11;2020;kwiecień;23;czwartek;0,0087;0,2857;0,7055; 49; 34;364,0;376,0;294,0;392,0
Costa Rica;2020-04-24;   687;   1;   6; 0;   216;  20;  465;  -19;2020;kwiecień;24;piątek;0,0087;0,3144;0,6769; 50; 35;378,5;376,0;282,0;399,5
Costa Rica;2020-04-25;   693;   6;   6; 0;   242;  26;  445;  -20;2020;kwiecień;25;sobota;0,0087;0,3492;0,6421; 51; 36;358,0;376,0;275,5;401,5
Costa Rica;2020-04-26;   695;   2;   6; 0;   264;  22;  425;  -20;2020;kwiecień;26;niedziela;0,0086;0,3799;0,6115; 52; 37;375,0;376,0;280,0;401,5
Costa Rica;2020-04-27;   697;   2;   6; 0;   287;  23;  404;  -21;2020;kwiecień;27;poniedziałek;0,0086;0,4118;0,5796; 53; 38;375,0;376,0;278,5;403,0
Costa Rica;2020-04-28;   705;   8;   6; 0;   306;  19;  393;  -11;2020;kwiecień;28;wtorek;0,0085;0,4340;0,5574; 54; 39;346,0;376,0;284,5;392,0
Costa Rica;2020-04-29;   713;   8;   6; 0;   323;  17;  384;   -9;2020;kwiecień;29;środa;0,0084;0,4530;0,5386; 55; 40;346,0;376,0;290,0;385,5
Costa Rica;2020-04-30;   719;   6;   6; 0;   338;  15;  375;   -9;2020;kwiecień;30;czwartek;0,0083;0,4701;0,5216; 56; 41;358,0;376,0;297,0;385,5
Costa Rica;2020-05-01;   725;   6;   6; 0;   355;  17;  364;  -11;2020;maj; 1;piątek;0,0083;0,4897;0,5021; 57; 42;358,0;376,0;290,0;392,0
Costa Rica;2020-05-02;   733;   8;   6; 0;   372;  17;  355;   -9;2020;maj; 2;sobota;0,0082;0,5075;0,4843; 58; 43;346,0;376,0;290,0;385,5
Costa Rica;2020-05-03;   739;   6;   6; 0;   386;  14;  347;   -8;2020;maj; 3;niedziela;0,0081;0,5223;0,4696; 59; 44;358,0;376,0;300,5;382,5
Costa Rica;2020-05-04;   742;   3;   6; 0;   399;  13;  337;  -10;2020;maj; 4;poniedziałek;0,0081;0,5377;0,4542; 60; 45;371,5;376,0;303,5;388,5
Costa Rica;2020-05-05;   755;  13;   6; 0;   413;  14;  336;   -1;2020;maj; 5;wtorek;0,0079;0,5470;0,4450; 61; 46;331,0;376,0;300,5;373,0
Costa Rica;2020-05-06;   761;   6;   6; 0;   428;  15;  327;   -9;2020;maj; 6;środa;0,0079;0,5624;0,4297; 62; 47;358,0;376,0;297,0;385,5
Costa Rica;2020-05-07;   765;   4;   6; 0;   445;  17;  314;  -13;2020;maj; 7;czwartek;0,0078;0,5817;0,4105; 63; 48;367,5;376,0;290,0;396,0
Costa Rica;2020-05-08;   773;   8;   6; 0;   461;  16;  306;   -8;2020;maj; 8;piątek;0,0078;0,5964;0,3959; 64; 49;346,0;376,0;294,0;382,5
Costa Rica;2020-05-09;   780;   7;   6; 0;   480;  19;  294;  -12;2020;maj; 9;sobota;0,0077;0,6154;0,3769; 65; 50;351,5;376,0;284,5;395,0
Costa Rica;2020-05-10;   792;  12;   7; 1;   501;  21;  284;  -10;2020;maj;10;niedziela;0,0088;0,6326;0,3586; 66; 51;334,0;267,5;281,0;388,5
Costa Rica;2020-05-11;   801;   9;   7; 0;   517;  16;  277;   -7;2020;maj;11;poniedziałek;0,0087;0,6454;0,3458; 67; 52;340,5;376,0;294,0;380,0
Costa Rica;2020-05-12;   804;   3;   7; 0;   520;   3;  277;    0;2020;maj;12;wtorek;0,0087;0,6468;0,3445; 68; 53;371,5;376,0;344,5;322,0
Costa Rica;2020-05-13;   815;  11;   8; 1;   527;   7;  280;    3;2020;maj;13;środa;0,0098;0,6466;0,3436; 69; 54;336,0;267,5;325,0;267,5
Costa Rica;2020-05-14;   830;  15;   8; 0;   535;   8;  287;    7;2020;maj;14;czwartek;0,0096;0,6446;0,3458; 70; 55;328,5;376,0;318,0;258,5
Costa Rica;2020-05-15;   843;  13;   9; 1;   542;   7;  292;    5;2020;maj;15;piątek;0,0107;0,6429;0,3464; 71; 56;331,0;267,5;325,0;262,5
Costa Rica;2020-05-16;   853;  10;  10; 1;   551;   9;  292;    0;2020;maj;16;sobota;0,0117;0,6460;0,3423; 72; 57;337,5;267,5;313,5;322,0
Costa Rica;2020-05-17;   863;  10;  10; 0;   565;  14;  288;   -4;2020;maj;17;niedziela;0,0116;0,6547;0,3337; 73; 58;337,5;376,0;300,5;377,5
Costa Rica;2020-05-18;   866;   3;  10; 0;   575;  10;  281;   -7;2020;maj;18;poniedziałek;0,0115;0,6640;0,3245; 74; 59;371,5;376,0;310,5;380,0
Costa Rica;2020-05-19;   882;  16;  10; 0;   577;   2;  295;   14;2020;maj;19;wtorek;0,0113;0,6542;0,3345; 75; 60;325,0;376,0;349,5;243,0
Costa Rica;2020-05-20;   897;  15;  10; 0;   582;   5;  305;   10;2020;maj;20;środa;0,0111;0,6488;0,3400; 76; 61;328,5;376,0;338,0;251,0
Costa Rica;2020-05-21;   903;   6;  10; 0;   592;  10;  301;   -4;2020;maj;21;czwartek;0,0111;0,6556;0,3333; 77; 62;358,0;376,0;310,5;377,5
Costa Rica;2020-05-22;   911;   8;  10; 0;   600;   8;  301;    0;2020;maj;22;piątek;0,0110;0,6586;0,3304; 78; 63;346,0;376,0;318,0;322,0
Costa Rica;2020-05-23;   918;   7;  10; 0;   607;   7;  301;    0;2020;maj;23;sobota;0,0109;0,6612;0,3279; 79; 64;351,5;376,0;325,0;322,0
Costa Rica;2020-05-24;   930;  12;  10; 0;   620;  13;  300;   -1;2020;maj;24;niedziela;0,0108;0,6667;0,3226; 80; 65;334,0;376,0;303,5;373,0
Costa Rica;2020-05-25;   951;  21;  10; 0;   628;   8;  313;   13;2020;maj;25;poniedziałek;0,0105;0,6604;0,3291; 81; 66;307,0;376,0;318,0;244,5
Costa Rica;2020-05-26;   956;   5;  10; 0;   634;   6;  312;   -1;2020;maj;26;wtorek;0,0105;0,6632;0,3264; 82; 67;364,0;376,0;332,0;373,0
Costa Rica;2020-05-27;   984;  28;  10; 0;   639;   5;  335;   23;2020;maj;27;środa;0,0102;0,6494;0,3404; 83; 68;298,5;376,0;338,0;226,0
Costa Rica;2020-05-28;  1000;  16;  10; 0;   646;   7;  344;    9;2020;maj;28;czwartek;0,0100;0,6460;0,3440; 84; 69;325,0;376,0;325,0;254,5
Costa Rica;2020-05-29;  1022;  22;  10; 0;   653;   7;  359;   15;2020;maj;29;piątek;0,0098;0,6389;0,3513; 85; 70;305,0;376,0;325,0;240,0
Costa Rica;2020-05-30;  1047;  25;  10; 0;   658;   5;  379;   20;2020;maj;30;sobota;0,0096;0,6285;0,3620; 86; 71;301,0;376,0;338,0;228,5
Costa Rica;2020-05-31;  1056;   9;  10; 0;   669;  11;  377;   -2;2020;maj;31;niedziela;0,0095;0,6335;0,3570; 87; 72;340,5;376,0;308,5;375,0
Costa Rica;2020-06-01;  1084;  28;  10; 0;   676;   7;  398;   21;2020;czerwiec; 1;poniedziałek;0,0092;0,6236;0,3672; 88; 73;298,5;376,0;325,0;227,0
Costa Rica;2020-06-02;  1105;  21;  10; 0;   682;   6;  413;   15;2020;czerwiec; 2;wtorek;0,0090;0,6172;0,3738; 89; 74;307,0;376,0;332,0;240,0
Costa Rica;2020-06-03;  1157;  52;  10; 0;   685;   3;  462;   49;2020;czerwiec; 3;środa;0,0086;0,5920;0,3993; 90; 75;285,5;376,0;344,5;207,0
Costa Rica;2020-06-04;  1194;  37;  10; 0;   687;   2;  497;   35;2020;czerwiec; 4;czwartek;0,0084;0,5754;0,4162; 91; 76;288,5;376,0;349,5;213,0
Costa Rica;2020-06-05;  1228;  34;  10; 0;   695;   8;  523;   26;2020;czerwiec; 5;piątek;0,0081;0,5660;0,4259; 92; 77;291,0;376,0;318,0;222,0
Costa Rica;2020-06-06;  1263;  35;  10; 0;   701;   6;  552;   29;2020;czerwiec; 6;sobota;0,0079;0,5550;0,4371; 93; 78;290,0;376,0;332,0;218,5
Costa Rica;2020-06-07;  1318;  55;  10; 0;   704;   3;  604;   52;2020;czerwiec; 7;niedziela;0,0076;0,5341;0,4583; 94; 79;283,0;376,0;344,5;206,0
Costa Rica;2020-06-08;  1342;  24;  11; 1;   712;   8;  619;   15;2020;czerwiec; 8;poniedziałek;0,0082;0,5306;0,4613; 95; 80;303,0;267,5;318,0;240,0
Costa Rica;2020-06-09;  1375;  33;  11; 0;   717;   5;  647;   28;2020;czerwiec; 9;wtorek;0,0080;0,5215;0,4705; 96; 81;292,0;376,0;338,0;220,5
Costa Rica;2020-06-10;  1461;  86;  12; 1;   722;   5;  727;   80;2020;czerwiec;10;środa;0,0082;0,4942;0,4976; 97; 82;275,5;267,5;338,0;196,0
Costa Rica;2020-06-11;  1538;  77;  12; 0;   722;   0;  804;   77;2020;czerwiec;11;czwartek;0,0078;0,4694;0,5228; 98; 83;277,0;376,0;416,0;197,0
Costa Rica;2020-06-12;  1612;  74;  12; 0;   731;   9;  869;   65;2020;czerwiec;12;piątek;0,0074;0,4535;0,5391; 99; 84;279,0;376,0;313,5;202,0
Costa Rica;2020-06-13;  1662;  50;  12; 0;   743;  12;  907;   38;2020;czerwiec;13;sobota;0,0072;0,4471;0,5457;100; 85;287,0;376,0;306,0;210,0
Costa Rica;2020-06-14;  1715;  53;  12; 0;   752;   9;  951;   44;2020;czerwiec;14;niedziela;0,0070;0,4385;0,5545;101; 86;284,0;376,0;313,5;209,0
Costa Rica;2020-06-15;  1744;  29;  12; 0;   771;  19;  961;   10;2020;czerwiec;15;poniedziałek;0,0069;0,4421;0,5510;102; 87;296,0;376,0;284,5;251,0
Costa Rica;2020-06-16;  1796;  52;  12; 0;   794;  23;  990;   29;2020;czerwiec;16;wtorek;0,0067;0,4421;0,5512;103; 88;285,5;376,0;278,5;218,5
Costa Rica;2020-06-17;  1871;  75;  12; 0;   899; 105;  960;  -30;2020;czerwiec;17;środa;0,0064;0,4805;0,5131;104; 89;278,0;376,0;243,0;407,0
Costa Rica;2020-06-18;  1939;  68;  12; 0;   937;  38;  990;   30;2020;czerwiec;18;czwartek;0,0062;0,4832;0,5106;105; 90;281,0;376,0;269,0;216,5
Costa Rica;2020-06-19;  2058; 119;  12; 0;   982;  45; 1064;   74;2020;czerwiec;19;piątek;0,0058;0,4772;0,5170;106; 91;273,0;376,0;265,5;198,0
Costa Rica;2020-06-20;  2127;  69;  12; 0;  1014;  32; 1101;   37;2020;czerwiec;20;sobota;0,0056;0,4767;0,5176;107; 92;280,0;376,0;271,0;211,0
Costa Rica;2020-06-21;  2213;  86;  12; 0;  1032;  18; 1169;   68;2020;czerwiec;21;niedziela;0,0054;0,4663;0,5282;108; 93;275,5;376,0;287,0;199,0
Costa Rica;2020-06-22;  2277;  64;  12; 0;  1043;  11; 1222;   53;2020;czerwiec;22;poniedziałek;0,0053;0,4581;0,5367;109; 94;282,0;376,0;308,5;205,0
Costa Rica;2020-06-23;  2368;  91;  12; 0;  1129;  86; 1227;    5;2020;czerwiec;23;wtorek;0,0051;0,4768;0,5182;110; 95;274,0;376,0;251,0;262,5
Costa Rica;2020-06-24;  2515; 147;  12; 0;  1210;  81; 1293;   66;2020;czerwiec;24;środa;0,0048;0,4811;0,5141;111; 96;270,0;376,0;253,0;201,0
Costa Rica;2020-06-25;  2684; 169;  12; 0;  1227;  17; 1445;  152;2020;czerwiec;25;czwartek;0,0045;0,4572;0,5384;112; 97;267,0;376,0;290,0;183,5
Costa Rica;2020-06-26;  2836; 152;  12; 0;  1280;  53; 1544;   99;2020;czerwiec;26;piątek;0,0042;0,4513;0,5444;113; 98;268,0;376,0;262,5;193,0
Costa Rica;2020-06-27;  2979; 143;  14; 2;  1325;  45; 1640;   96;2020;czerwiec;27;sobota;0,0047;0,4448;0,5505;114; 99;271,0;255,5;265,5;194,0
Costa Rica;2020-06-28;  3130; 151;  15; 1;  1366;  41; 1749;  109;2020;czerwiec;28;niedziela;0,0048;0,4364;0,5588;115;100;269,0;267,5;268,0;191,0
Costa Rica;2020-06-29;  3269; 139;  15; 0;  1394;  28; 1860;  111;2020;czerwiec;29;poniedziałek;0,0046;0,4264;0,5690;116;101;272,0;376,0;274,0;190,0
Costa Rica;2020-06-30;  3459; 190;  16; 1;  1436;  42; 2007;  147;2020;czerwiec;30;wtorek;0,0046;0,4151;0,5802;117;102;266,0;267,5;267,0;186,0
Costa Rica;2020-07-01;  3753; 294;  17; 1;  1516;  80; 2220;  213;2020;lipiec; 1;środa;0,0045;0,4039;0,5915;118;103;260,0;267,5;254,0;179,0
Costa Rica;2020-07-02;  4023; 270;  18; 1;  1589;  73; 2416;  196;2020;lipiec; 2;czwartek;0,0045;0,3950;0,6005;119;104;263,0;267,5;255,0;182,0
Costa Rica;2020-07-03;  4311; 288;  18; 0;  1657;  68; 2636;  220;2020;lipiec; 3;piątek;0,0042;0,3844;0,6115;120;105;261,0;376,0;256,0;178,0
Costa Rica;2020-07-04;  4621; 310;  18; 0;  1721;  64; 2882;  246;2020;lipiec; 4;sobota;0,0039;0,3724;0,6237;121;106;259,0;376,0;258,5;172,0
Costa Rica;2020-07-05;  4996; 375;  19; 1;  1745;  24; 3232;  350;2020;lipiec; 5;niedziela;0,0038;0,3493;0,6469;122;107;252,0;267,5;277,0;152,0
Costa Rica;2020-07-06;  5241; 245;  23; 4;  1776;  31; 3442;  210;2020;lipiec; 6;poniedziałek;0,0044;0,3389;0,6567;123;108;264,5;241,5;272,0;181,0
Costa Rica;2020-07-07;  5486; 245;  23; 0;  1810;  34; 3653;  211;2020;lipiec; 7;wtorek;0,0042;0,3299;0,6659;124;109;264,5;376,0;270,0;180,0
Costa Rica;2020-07-08;  5836; 350;  25; 2;  1929; 119; 3882;  229;2020;lipiec; 8;środa;0,0043;0,3305;0,6652;125;110;257,0;255,5;240,0;177,0
Costa Rica;2020-07-09;  6485; 649;  25; 0;  2023;  94; 4437;  555;2020;lipiec; 9;czwartek;0,0039;0,3120;0,6842;126;111;202,0;376,0;247,0;112,5
Costa Rica;2020-07-10;  6845; 360;  26; 1;  2110;  87; 4709;  272;2020;lipiec;10;piątek;0,0038;0,3083;0,6879;127;112;255,0;267,5;250,0;170,0
Costa Rica;2020-07-11;  7231; 386;  28; 2;  2220; 110; 4983;  274;2020;lipiec;11;sobota;0,0039;0,3070;0,6891;128;113;250,0;255,5;241,5;168,0
Costa Rica;2020-07-12;  7596; 365;  30; 2;  2239;  19; 5327;  344;2020;lipiec;12;niedziela;0,0039;0,2948;0,7013;129;114;254,0;255,5;284,5;153,0
Costa Rica;2020-07-13;  8036; 440;  34; 4;  2304;  65; 5698;  371;2020;lipiec;13;poniedziałek;0,0042;0,2867;0,7091;130;115;232,5;241,5;257,0;149,0
Costa Rica;2020-07-14;  8482; 446;  37; 3;  2441; 137; 6004;  306;2020;lipiec;14;wtorek;0,0044;0,2878;0,7079;131;116;230,5;249,0;232,0;164,0
Costa Rica;2020-07-15;  8986; 504;  40; 3;  2551; 110; 6395;  391;2020;lipiec;15;środa;0,0045;0,2839;0,7117;132;117;223,0;249,0;241,5;143,0
Costa Rica;2020-07-16;  9546; 560;  42; 2;  2673; 122; 6831;  436;2020;lipiec;16;czwartek;0,0044;0,2800;0,7156;133;118;215,0;255,5;239,0;133,0
Costa Rica;2020-07-17;  9969; 423;  47; 5;  2818; 145; 7104;  273;2020;lipiec;17;piątek;0,0047;0,2827;0,7126;134;119;242,5;234,5;230,0;169,0
Costa Rica;2020-07-18; 10551; 582;  54; 7;  2902;  84; 7595;  491;2020;lipiec;18;sobota;0,0051;0,2750;0,7198;135;120;211,0;221,0;252,0;122,5
Costa Rica;2020-07-19; 11114; 563;  62; 8;  2966;  64; 8086;  491;2020;lipiec;19;niedziela;0,0056;0,2669;0,7276;136;121;214,0;209,0;258,5;122,5
Costa Rica;2020-07-20; 11534; 420;  66; 4;  3019;  53; 8449;  363;2020;lipiec;20;poniedziałek;0,0057;0,2617;0,7325;137;122;244,0;241,5;262,5;150,0
Costa Rica;2020-07-21; 11811; 277;  68; 2;  3194; 175; 8549;  100;2020;lipiec;21;wtorek;0,0058;0,2704;0,7238;138;123;262,0;255,5;225,0;192,0
Costa Rica;2020-07-22; 12361; 550;  71; 3;  3322; 128; 8968;  419;2020;lipiec;22;środa;0,0057;0,2687;0,7255;139;124;217,0;249,0;235,0;138,0
Costa Rica;2020-07-23; 13129; 768;  80; 9;  3448; 126; 9601;  633;2020;lipiec;23;czwartek;0,0061;0,2626;0,7313;140;125;192,0;197,0;237,0; 94,0
Costa Rica;2020-07-24; 13669; 540;  87; 7;  3505;  57;10077;  476;2020;lipiec;24;piątek;0,0064;0,2564;0,7372;141;126;219,0;221,0;260,0;128,0
Costa Rica;2020-07-25; 14600; 931;  98;11;  3640; 135;10862;  785;2020;lipiec;25;sobota;0,0067;0,2493;0,7440;142;127;174,0;165,0;233,0; 73,0
Costa Rica;2020-07-26; 15229; 629; 104; 6;  3736;  96;11389;  527;2020;lipiec;26;niedziela;0,0068;0,2453;0,7478;143;128;206,0;230,0;245,5;114,0
Costa Rica;2020-07-27; 15841; 612; 115;11;  3824;  88;11902;  513;2020;lipiec;27;poniedziałek;0,0073;0,2414;0,7513;144;129;208,0;165,0;249,0;117,5
Costa Rica;2020-07-28; 16344; 503; 125;10;  3920;  96;12299;  397;2020;lipiec;28;wtorek;0,0076;0,2398;0,7525;145;130;224,0;181,0;245,5;141,0
Costa Rica;2020-07-29; 16800; 456; 133; 8;  4050; 130;12617;  318;2020;lipiec;29;środa;0,0079;0,2411;0,7510;146;131;228,0;209,0;234,0;161,0
Costa Rica;2020-07-30; 17290; 490; 140; 7;  4280; 230;12870;  253;2020;lipiec;30;czwartek;0,0081;0,2475;0,7444;147;132;225,0;221,0;205,0;171,0
Costa Rica;2020-07-31; 17820; 530; 150;10;  4404; 124;13266;  396;2020;lipiec;31;piątek;0,0084;0,2471;0,7444;148;133;221,0;181,0;238,0;142,0
Costa Rica;2020-08-01; 18187; 367; 154; 4;  4531; 127;13502;  236;2020;sierpień; 1;sobota;0,0085;0,2491;0,7424;149;134;253,0;241,5;236,0;175,0
Costa Rica;2020-08-02; 18975; 788; 162; 8;  4585;  54;14228;  726;2020;sierpień; 2;niedziela;0,0085;0,2416;0,7498;150;135;190,0;209,0;261,0; 83,0
Costa Rica;2020-08-03; 19402; 427; 171; 9;  4689; 104;14542;  314;2020;sierpień; 3;poniedziałek;0,0088;0,2417;0,7495;151;136;240,5;197,0;244,0;162,0
Costa Rica;2020-08-04; 19837; 435; 181;10;  6590;1901;13066;-1476;2020;sierpień; 4;wtorek;0,0091;0,3322;0,6587;152;137;235,0;181,0; 45,0;453,0
Costa Rica;2020-08-05; 20417; 580; 191;10;  6851; 261;13375;  309;2020;sierpień; 5;środa;0,0094;0,3356;0,6551;153;138;212,0;181,0;201,0;163,0
Costa Rica;2020-08-06; 21070; 653; 200; 9;  7038; 187;13832;  457;2020;sierpień; 6;czwartek;0,0095;0,3340;0,6565;154;139;201,0;197,0;224,0;130,0
Costa Rica;2020-08-07; 22081;1011; 218;18;  7266; 228;14597;  765;2020;sierpień; 7;piątek;0,0099;0,3291;0,6611;155;140;162,0; 90,5;207,0; 77,0
Costa Rica;2020-08-08; 22802; 721; 228;10;  7589; 323;14985;  388;2020;sierpień; 8;sobota;0,0100;0,3328;0,6572;156;141;198,5;181,0;194,0;144,0
Costa Rica;2020-08-09; 23286; 484; 235; 7;  7730; 141;15321;  336;2020;sierpień; 9;niedziela;0,0101;0,3320;0,6579;157;142;227,0;221,0;231,0;154,0
Costa Rica;2020-08-10; 23872; 586; 244; 9;  7823;  93;15805;  484;2020;sierpień;10;poniedziałek;0,0102;0,3277;0,6621;158;143;210,0;197,0;248,0;125,0
Costa Rica;2020-08-11; 24508; 636; 255;11;  7971; 148;16282;  477;2020;sierpień;11;wtorek;0,0104;0,3252;0,6644;159;144;205,0;165,0;228,0;127,0
Costa Rica;2020-08-12; 25057; 549; 263; 8;  8189; 218;16605;  323;2020;sierpień;12;środa;0,0105;0,3268;0,6627;160;145;218,0;209,0;212,5;159,0
Costa Rica;2020-08-13; 26129;1072; 272; 9;  8412; 223;17445;  840;2020;sierpień;13;czwartek;0,0104;0,3219;0,6676;161;146;150,0;197,0;209,0; 65,0
Costa Rica;2020-08-14; 26931; 802; 281; 9;  8785; 373;17865;  420;2020;sierpień;14;piątek;0,0104;0,3262;0,6634;162;147;189,0;197,0;191,0;137,0
Costa Rica;2020-08-15; 27737; 806; 291;10;  9010; 225;18436;  571;2020;sierpień;15;sobota;0,0105;0,3248;0,6647;163;148;188,0;181,0;208,0;108,0
Costa Rica;2020-08-16; 28465; 728; 294; 3;  9062;  52;19109;  673;2020;sierpień;16;niedziela;0,0103;0,3184;0,6713;164;149;197,0;249,0;264,0; 88,0
Costa Rica;2020-08-17; 29084; 619; 304;10;  9233; 171;19547;  438;2020;sierpień;17;poniedziałek;0,0105;0,3175;0,6721;165;150;207,0;181,0;226,0;132,0
Costa Rica;2020-08-18; 29643; 559; 314;10;  9462; 229;19867;  320;2020;sierpień;18;wtorek;0,0106;0,3192;0,6702;166;151;216,0;181,0;206,0;160,0
Costa Rica;2020-08-19; 30409; 766; 321; 7;  9660; 198;20428;  561;2020;sierpień;19;środa;0,0106;0,3177;0,6718;167;152;193,0;221,0;220,5;110,5
Costa Rica;2020-08-20; 31075; 666; 333;12;  9939; 279;20803;  375;2020;sierpień;20;czwartek;0,0107;0,3198;0,6694;168;153;200,0;152,0;198,0;146,5
Costa Rica;2020-08-21; 32134;1059; 340; 7; 10159; 220;21635;  832;2020;sierpień;21;piątek;0,0106;0,3161;0,6733;169;154;153,0;221,0;211,0; 67,0
Costa Rica;2020-08-22; 33084; 950; 348; 8; 10372; 213;22364;  729;2020;sierpień;22;sobota;0,0105;0,3135;0,6760;170;155;171,0;209,0;216,5; 82,0
Costa Rica;2020-08-23; 33820; 736; 355; 7; 10518; 146;22947;  583;2020;sierpień;23;niedziela;0,0105;0,3110;0,6785;171;156;196,0;221,0;229,0;104,0
Costa Rica;2020-08-24; 34463; 643; 362; 7; 12758;2240;21343;-1604;2020;sierpień;24;poniedziałek;0,0105;0,3702;0,6193;172;157;203,0;221,0; 32,0;456,0
Costa Rica;2020-08-25; 35305; 842; 376;14; 13073; 315;21856;  513;2020;sierpień;25;wtorek;0,0107;0,3703;0,6191;173;158;184,0;134,0;197,0;117,5
Costa Rica;2020-08-26; 36307;1002; 386;10; 13317; 244;22604;  748;2020;sierpień;26;środa;0,0106;0,3668;0,6226;174;159;164,0;181,0;203,0; 79,0
Costa Rica;2020-08-27; 37292; 985; 397;11; 14471;1154;22424; -180;2020;sierpień;27;czwartek;0,0106;0,3880;0,6013;175;160;169,0;165,0; 81,0;419,0
Costa Rica;2020-08-28; 38485;1193; 407;10; 14664; 193;23414;  990;2020;sierpień;28;piątek;0,0106;0,3810;0,6084;176;161;122,0;181,0;223,0; 48,0
Costa Rica;2020-08-29; 39699;1214; 418;11; 15737;1073;23544;  130;2020;sierpień;29;sobota;0,0105;0,3964;0,5931;177;162;116,0;165,0; 87,0;187,0
Costa Rica;2020-08-30; 39699;   0; 418; 0; 15737;   0;23544;    0;2020;sierpień;30;niedziela;0,0105;0,3964;0,5931;178;163;428,0;376,0;416,0;322,0
Costa Rica;2020-08-31; 41287;1588; 436;18; 16056; 319;24795; 1251;2020;sierpień;31;poniedziałek;0,0106;0,3889;0,6006;179;164; 66,0; 90,5;195,0; 32,0
Costa Rica;2020-09-01; 42184; 897; 443; 7; 16270; 214;25471;  676;2020;wrzesień; 1;wtorek;0,0105;0,3857;0,6038;180;165;177,0;221,0;215,0; 87,0
Costa Rica;2020-09-02; 43305;1121; 453;10; 16512; 242;26340;  869;2020;wrzesień; 2;środa;0,0105;0,3813;0,6082;181;166;142,0;181,0;204,0; 63,0
Costa Rica;2020-09-03; 44458;1153; 460; 7; 17855;1343;26143; -197;2020;wrzesień; 3;czwartek;0,0103;0,4016;0,5880;182;167;135,0;221,0; 66,0;420,0
Costa Rica;2020-09-04; 45680;1222; 469; 9; 18053; 198;27158; 1015;2020;wrzesień; 4;piątek;0,0103;0,3952;0,5945;183;168;113,5;197,0;220,5; 47,0
Costa Rica;2020-09-05; 46920;1240; 478; 9; 18211; 158;28231; 1073;2020;wrzesień; 5;sobota;0,0102;0,3881;0,6017;184;169;108,0;197,0;227,0; 40,0
Costa Rica;2020-09-06; 46920;   0; 478; 0; 18211;   0;28231;    0;2020;wrzesień; 6;niedziela;0,0102;0,3881;0,6017;185;170;428,0;376,0;416,0;322,0
Costa Rica;2020-09-07; 48780;1860; 510;32; 19083; 872;29187;  956;2020;wrzesień; 7;poniedziałek;0,0105;0,3912;0,5983;186;171; 54,0; 29,0; 99,0; 52,0
Costa Rica;2020-09-08; 49897;1117; 531;21; 19285; 202;30081;  894;2020;wrzesień; 8;wtorek;0,0106;0,3865;0,6029;187;172;143,0; 63,5;219,0; 57,0
Costa Rica;2020-09-09; 51224;1327; 543;12; 19544; 259;31137; 1056;2020;wrzesień; 9;środa;0,0106;0,3815;0,6079;188;173; 97,0;152,0;202,0; 42,0
Costa Rica;2020-09-10; 52549;1325; 567;24; 20322; 778;31660;  523;2020;wrzesień;10;czwartek;0,0108;0,3867;0,6025;189;174; 98,0; 51,5;112,0;116,0
Costa Rica;2020-09-11; 53969;1420; 583;16; 20710; 388;32676; 1016;2020;wrzesień;11;piątek;0,0108;0,3837;0,6055;190;175; 80,0;109,0;188,0; 46,0
Costa Rica;2020-09-12; 55454;1485; 590; 7; 20928; 218;33936; 1260;2020;wrzesień;12;sobota;0,0106;0,3774;0,6120;191;176; 75,0;221,0;212,5; 31,0
Costa Rica;2020-09-13; 55454;   0; 590; 0; 20928;   0;33936;    0;2020;wrzesień;13;niedziela;0,0106;0,3774;0,6120;192;177;428,0;376,0;416,0;322,0
Costa Rica;2020-09-14; 57361;1907; 621;31; 21206; 278;35534; 1598;2020;wrzesień;14;poniedziałek;0,0108;0,3697;0,6195;193;178; 49,0; 31,5;199,0; 19,0
Costa Rica;2020-09-15; 58137; 776; 633;12; 21536; 330;35968;  434;2020;wrzesień;15;wtorek;0,0109;0,3704;0,6187;194;179;191,0;152,0;193,0;134,0
Costa Rica;2020-09-16; 59516;1379; 649;16; 21752; 216;37115; 1147;2020;wrzesień;16;środa;0,0109;0,3655;0,6236;195;180; 83,0;109,0;214,0; 38,0
Costa Rica;2020-09-17; 60818;1302; 666;17; 22662; 910;37490;  375;2020;wrzesień;17;czwartek;0,0110;0,3726;0,6164;196;181;101,0; 99,0; 96,0;146,5
Costa Rica;2020-09-18; 62374;1556; 686;20; 23160; 498;38528; 1038;2020;wrzesień;18;piątek;0,0110;0,3713;0,6177;197;182; 69,0; 73,0;171,0; 44,0
Costa Rica;2020-09-19; 63712;1338; 706;20; 23552; 392;39454;  926;2020;wrzesień;19;sobota;0,0111;0,3697;0,6193;198;183; 94,0; 73,0;187,0; 54,0
Costa Rica;2020-09-20; 63712;   0; 706; 0; 23552;   0;39454;    0;2020;wrzesień;20;niedziela;0,0111;0,3697;0,6193;199;184;428,0;376,0;416,0;322,0
Costa Rica;2020-09-21; 65602;1890; 745;39; 25127;1575;39730;  276;2020;wrzesień;21;poniedziałek;0,0114;0,3830;0,6056;200;185; 52,0; 20,0; 54,0;166,5
Costa Rica;2020-09-22; 66689;1087; 760;15; 25706; 579;40223;  493;2020;wrzesień;22;wtorek;0,0114;0,3855;0,6031;201;186;147,0;120,5;150,0;121,0
Costa Rica;2020-09-23; 68059;1370; 781;21; 26136; 430;41142;  919;2020;wrzesień;23;środa;0,0115;0,3840;0,6045;202;187; 86,0; 63,5;178,0; 55,0
Costa Rica;2020-09-24; 69459;1400; 795;14; 26554; 418;42110;  968;2020;wrzesień;24;czwartek;0,0114;0,3823;0,6063;203;188; 81,0;134,0;182,0; 50,0
Costa Rica;2020-09-25; 70816;1357; 812;17; 27023; 469;42981;  871;2020;wrzesień;25;piątek;0,0115;0,3816;0,6069;204;189; 89,0; 99,0;176,0; 61,0
Costa Rica;2020-09-26; 72049;1233; 828;16; 27760; 737;43461;  480;2020;wrzesień;26;sobota;0,0115;0,3853;0,6032;205;190;109,0;109,0;118,0;126,0
Costa Rica;2020-09-27; 72049;   0; 828; 0; 27760;   0;43461;    0;2020;wrzesień;27;niedziela;0,0115;0,3853;0,6032;206;191;428,0;376,0;416,0;322,0
Costa Rica;2020-09-28; 73714;1665; 861;33; 29420;1660;43433;  -28;2020;wrzesień;28;poniedziałek;0,0117;0,3991;0,5892;207;192; 63,0; 25,0; 52,0;406,0
Costa Rica;2020-09-29; 74604; 890; 880;19; 30703;1283;43021; -412;2020;wrzesień;29;wtorek;0,0118;0,4115;0,5767;208;193;179,0; 82,0; 75,0;428,0
Costa Rica;2020-09-30; 75760;1156; 904;24; 37841;7138;37015;-6006;2020;wrzesień;30;środa;0,0119;0,4995;0,4886;209;194;133,0; 51,5;  2,0;475,0
Costa Rica;2020-10-01; 76828;1068; 917;13; 39843;2002;36068; -947;2020;październik; 1;czwartek;0,0119;0,5186;0,4695;210;195;151,0;144,0; 39,0;442,0
Costa Rica;2020-10-02; 77829;1001; 930;13; 42621;2778;34278;-1790;2020;październik; 2;piątek;0,0119;0,5476;0,4404;211;196;165,0;144,0; 20,0;461,0
Costa Rica;2020-10-03; 79182;1353; 950;20; 45007;2386;33225;-1053;2020;październik; 3;sobota;0,0120;0,5684;0,4196;212;197; 92,0; 73,0; 30,0;446,0
Costa Rica;2020-10-04; 79182;   0; 950; 0; 45007;   0;33225;    0;2020;październik; 4;niedziela;0,0120;0,5684;0,4196;213;198;428,0;376,0;416,0;322,0
Costa Rica;2020-10-05; 81129;1947; 987;37; 49703;4696;30439;-2786;2020;październik; 5;poniedziałek;0,0122;0,6126;0,3752;214;199; 47,0; 21,0;  8,0;468,0
Costa Rica;2020-10-06; 82142;1013;1004;17; 50020; 317;31118;  679;2020;październik; 6;wtorek;0,0122;0,6089;0,3788;215;200;161,0; 99,0;196,0; 86,0
Costa Rica;2020-10-07; 83497;1355;1024;20; 50295; 275;32178; 1060;2020;październik; 7;środa;0,0123;0,6024;0,3854;216;201; 90,0; 73,0;200,0; 41,0
Costa Rica;2020-10-08; 84828;1331;1040;16; 51782;1487;32006; -172;2020;październik; 8;czwartek;0,0123;0,6104;0,3773;217;202; 95,0;109,0; 58,0;418,0
Costa Rica;2020-10-09; 86053;1225;1055;15; 52327; 545;32671;  665;2020;październik; 9;piątek;0,0123;0,6081;0,3797;218;203;111,0;120,5;157,0; 89,0
Costa Rica;2020-10-10; 87439;1386;1076;21; 52669; 342;33694; 1023;2020;październik;10;sobota;0,0123;0,6024;0,3853;219;204; 82,0; 63,5;192,0; 45,0
Costa Rica;2020-10-11; 87439;   0;1076; 0; 52669;   0;33694;    0;2020;październik;11;niedziela;0,0123;0,6024;0,3853;220;205;428,0;376,0;416,0;322,0
Costa Rica;2020-10-12; 89223;1784;1108;32; 53247; 578;34868; 1174;2020;październik;12;poniedziałek;0,0124;0,5968;0,3908;221;206; 59,0; 29,0;151,0; 34,0
Costa Rica;2020-10-13; 90238;1015;1124;16; 53670; 423;35444;  576;2020;październik;13;wtorek;0,0125;0,5948;0,3928;222;207;160,0;109,0;180,0;106,0
Costa Rica;2020-10-14; 91780;1542;1134;10; 54155; 485;36491; 1047;2020;październik;14;środa;0,0124;0,5901;0,3976;223;208; 70,0;181,0;172,0; 43,0
Costa Rica;2020-10-15; 93152;1372;1159;25; 57731;3576;34262;-2229;2020;październik;15;czwartek;0,0124;0,6198;0,3678;224;209; 84,5; 47,5; 11,0;464,0
Costa Rica;2020-10-16; 94348;1196;1168; 9; 58269; 538;34911;  649;2020;październik;16;piątek;0,0124;0,6176;0,3700;225;210;121,0;197,0;159,0; 92,0
Costa Rica;2020-10-17; 95514;1166;1183;15; 58816; 547;35515;  604;2020;październik;17;sobota;0,0124;0,6158;0,3718;226;211;131,0;120,5;156,0;100,0
Costa Rica;2020-10-18; 95514;   0;1183; 0; 58816;   0;35515;    0;2020;październik;18;niedziela;0,0124;0,6158;0,3718;227;212;428,0;376,0;416,0;322,0
Costa Rica;2020-10-19; 97075;1561;1204;21; 59580; 764;36291;  776;2020;październik;19;poniedziałek;0,0124;0,6138;0,3738;228;213; 68,0; 63,5;114,0; 76,0
Costa Rica;2020-10-20; 97922; 847;1222;18; 60109; 529;36591;  300;2020;październik;20;wtorek;0,0125;0,6138;0,3737;229;214;183,0; 90,5;163,0;165,0
Costa Rica;2020-10-21; 99425;1503;1236;14; 60738; 629;37451;  860;2020;październik;21;środa;0,0124;0,6109;0,3767;230;215; 74,0;134,0;140,0; 64,0
Costa Rica;2020-10-22;100616;1191;1251;15; 61162; 424;38203;  752;2020;październik;22;czwartek;0,0124;0,6079;0,3797;231;216;124,0;120,5;179,0; 78,0
Costa Rica;2020-10-23;101826;1210;1265;14; 61662; 500;38899;  696;2020;październik;23;piątek;0,0124;0,6056;0,3820;232;217;117,0;134,0;170,0; 84,0
Costa Rica;2020-10-24;103088;1262;1282;17; 62037; 375;39769;  870;2020;październik;24;sobota;0,0124;0,6018;0,3858;233;218;105,0; 99,0;190,0; 62,0
Costa Rica;2020-10-25;103088;   0;1282; 0; 62037;   0;39769;    0;2020;październik;25;niedziela;0,0124;0,6018;0,3858;234;219;428,0;376,0;416,0;322,0
Costa Rica;2020-10-26;104460;1372;1312;30; 63709;1672;39439; -330;2020;październik;26;poniedziałek;0,0126;0,6099;0,3776;235;220; 84,5; 34,0; 51,0;426,0
Costa Rica;2020-10-27;105322; 862;1329;17; 64406; 697;39587;  148;2020;październik;27;wtorek;0,0126;0,6115;0,3759;236;221;181,0; 99,0;125,0;185,0
Costa Rica;2020-10-28;106553;1231;1340;11; 64996; 590;40217;  630;2020;październik;28;środa;0,0126;0,6100;0,3774;237;222;110,0;165,0;148,0; 95,0
Costa Rica;2020-10-29;107570;1017;1357;17; 65666; 670;40547;  330;2020;październik;29;czwartek;0,0126;0,6104;0,3769;238;223;159,0; 99,0;131,5;156,0
Costa Rica;2020-10-30;108866;1296;1371;14; 66202; 536;41293;  746;2020;październik;30;piątek;0,0126;0,6081;0,3793;239;224;102,0;134,0;161,5; 80,0
Costa Rica;2020-10-31;109971;1105;1385;14; 66719; 517;41867;  574;2020;październik;31;sobota;0,0126;0,6067;0,3807;240;225;145,0;134,0;167,0;107,0
Costa Rica;2020-11-01;109971;   0;1385; 0; 66719;   0;41867;    0;2020;listopad; 1;niedziela;0,0126;0,6067;0,3807;241;226;428,0;376,0;416,0;322,0
Costa Rica;2020-11-02;111257;1286;1404;19; 68129;1410;41724; -143;2020;listopad; 2;poniedziałek;0,0126;0,6124;0,3750;242;227;104,0; 82,0; 63,0;415,0
Costa Rica;2020-11-03;112120; 863;1419;15; 68604; 475;42097;  373;2020;listopad; 3;wtorek;0,0127;0,6119;0,3755;243;228;180,0;120,5;174,0;148,0
Costa Rica;2020-11-04;113261;1141;1431;12; 69143; 539;42687;  590;2020;listopad; 4;środa;0,0126;0,6105;0,3769;244;229;136,0;152,0;158,0;103,0
Costa Rica;2020-11-05;114367;1106;1444;13; 70002; 859;42921;  234;2020;listopad; 5;czwartek;0,0126;0,6121;0,3753;245;230;144,0;144,0;102,0;176,0
Costa Rica;2020-11-06;115417;1050;1453; 9; 70421; 419;43543;  622;2020;listopad; 6;piątek;0,0126;0,6101;0,3773;246;231;154,0;197,0;181,0; 97,0
Costa Rica;2020-11-07;116363; 946;1464;11; 71119; 698;43780;  237;2020;listopad; 7;sobota;0,0126;0,6112;0,3762;247;232;172,0;165,0;124,0;173,5
Costa Rica;2020-11-08;116363;   0;1464; 0; 71119;   0;43780;    0;2020;listopad; 8;niedziela;0,0126;0,6112;0,3762;248;233;428,0;376,0;416,0;322,0
Costa Rica;2020-11-09;117587;1224;1491;27; 72249;1130;43847;   67;2020;listopad; 9;poniedziałek;0,0127;0,6144;0,3729;249;234;112,0; 40,5; 83,0;200,0
Costa Rica;2020-11-10;118566; 979;1502;11; 72941; 692;44123;  276;2020;listopad;10;wtorek;0,0127;0,6152;0,3721;250;235;170,0;165,0;126,5;166,5
Costa Rica;2020-11-11;119768;1202;1513;11; 73509; 568;44746;  623;2020;listopad;11;środa;0,0126;0,6138;0,3736;251;236;120,0;165,0;153,0; 96,0
Costa Rica;2020-11-12;120939;1171;1527;14; 74255; 746;45157;  411;2020;listopad;12;czwartek;0,0126;0,6140;0,3734;252;237;128,0;134,0;116,5;139,0
Costa Rica;2020-11-13;122123;1184;1537;10; 74868; 613;45718;  561;2020;listopad;13;piątek;0,0126;0,6131;0,3744;253;238;126,0;181,0;142,5;110,5
Costa Rica;2020-11-14;123223;1100;1546; 9; 75341; 473;46336;  618;2020;listopad;14;sobota;0,0125;0,6114;0,3760;254;239;146,0;197,0;175,0; 98,0
Costa Rica;2020-11-15;123223;   0;1546; 0; 75341;   0;46336;    0;2020;listopad;15;niedziela;0,0125;0,6114;0,3760;255;240;428,0;376,0;416,0;322,0
Costa Rica;2020-11-16;124592;1369;1566;20; 77164;1823;45862; -474;2020;listopad;16;poniedziałek;0,0126;0,6193;0,3681;256;241; 87,5; 73,0; 46,0;430,0
Costa Rica;2020-11-17;125590; 998;1578;12; 77558; 394;46454;  592;2020;listopad;17;wtorek;0,0126;0,6175;0,3699;257;242;166,0;152,0;186,0;102,0
Costa Rica;2020-11-18;127012;1422;1588;10; 78238; 680;47186;  732;2020;listopad;18;środa;0,0125;0,6160;0,3715;258;243; 79,0;181,0;130,0; 81,0
Costa Rica;2020-11-19;128231;1219;1599;11; 78851; 613;47781;  595;2020;listopad;19;czwartek;0,0125;0,6149;0,3726;259;244;115,0;165,0;142,5;101,0
Costa Rica;2020-11-20;129418;1187;1608; 9; 79372; 521;48438;  657;2020;listopad;20;piątek;0,0124;0,6133;0,3743;260;245;125,0;197,0;164,0; 90,0
Costa Rica;2020-11-21;129418;   0;1608; 0; 79372;   0;48438;    0;2020;listopad;21;sobota;0,0124;0,6133;0,3743;261;246;428,0;376,0;416,0;322,0
Costa Rica;2020-11-22;129418;   0;1608; 0; 79372;   0;48438;    0;2020;listopad;22;niedziela;0,0124;0,6133;0,3743;262;247;428,0;376,0;416,0;322,0
Costa Rica;2020-11-23;132295;2877;1641;33; 81336;1964;49318;  880;2020;listopad;23;poniedziałek;0,0124;0,6148;0,3728;263;248; 14,0; 25,0; 40,0; 60,0
Costa Rica;2020-11-24;133190; 895;1662;21; 81973; 637;49555;  237;2020;listopad;24;wtorek;0,0125;0,6155;0,3721;264;249;178,0; 63,5;138,0;173,5
Costa Rica;2020-11-25;134520;1330;1674;12; 82611; 638;50235;  680;2020;listopad;25;środa;0,0124;0,6141;0,3734;265;250; 96,0;152,0;137,0; 85,0
Costa Rica;2020-11-26;135742;1222;1679; 5; 83273; 662;50790;  555;2020;listopad;26;czwartek;0,0124;0,6135;0,3742;266;251;113,5;234,5;135,0;112,5
Costa Rica;2020-11-27;137093;1351;1690;11; 84991;1718;50412; -378;2020;listopad;27;piątek;0,0123;0,6200;0,3677;267;252; 93,0;165,0; 49,0;427,0
Costa Rica;2020-11-28;137093;   0;1690; 0; 84991;   0;50412;    0;2020;listopad;28;sobota;0,0123;0,6200;0,3677;268;253;428,0;376,0;416,0;322,0
Costa Rica;2020-11-29;137093;   0;1690; 0; 84991;   0;50412;    0;2020;listopad;29;niedziela;0,0123;0,6200;0,3677;269;254;428,0;376,0;416,0;322,0
Costa Rica;2020-11-30;139638;2545;1726;36; 87526;2535;50386;  -26;2020;listopad;30;poniedziałek;0,0124;0,6268;0,3608;270;255; 27,0; 22,0; 24,0;404,0
Costa Rica;2020-12-01;140172; 534;1731; 5; 87721; 195;50720;  334;2020;grudzień; 1;wtorek;0,0123;0,6258;0,3618;271;256;220,0;234,5;222,0;155,0
Costa Rica;2020-12-02;141340;1168;1739; 8; 88226; 505;51375;  655;2020;grudzień; 2;środa;0,0123;0,6242;0,3635;272;257;129,0;209,0;168,5; 91,0
Costa Rica;2020-12-03;142505;1165;1757;18; 91424;3198;49324;-2051;2020;grudzień; 3;czwartek;0,0123;0,6415;0,3461;273;258;132,0; 90,5; 14,0;463,0
Costa Rica;2020-12-04;143685;1180;1773;16; 95789;4365;46123;-3201;2020;grudzień; 4;piątek;0,0123;0,6667;0,3210;274;259;127,0;109,0;  9,0;469,0
Costa Rica;2020-12-05;143685;   0;1773; 0; 95789;   0;46123;    0;2020;grudzień; 5;sobota;0,0123;0,6667;0,3210;275;260;428,0;376,0;416,0;322,0
Costa Rica;2020-12-06;143685;   0;1773; 0; 95789;   0;46123;    0;2020;grudzień; 6;niedziela;0,0123;0,6667;0,3210;276;261;428,0;376,0;416,0;322,0
Costa Rica;2020-12-07;146421;2736;1825;52;102855;7066;41741;-4382;2020;grudzień; 7;poniedziałek;0,0125;0,7025;0,2851;277;262; 20,0; 10,0;  3,0;473,0
Costa Rica;2020-12-08;147430;1009;1846;21;105686;2831;39898;-1843;2020;grudzień; 8;wtorek;0,0125;0,7169;0,2706;278;263;163,0; 63,5; 17,0;462,0
Costa Rica;2020-12-09;148688;1258;1864;18;107624;1938;39200; -698;2020;grudzień; 9;środa;0,0125;0,7238;0,2636;279;264;107,0; 90,5; 42,0;433,0
Costa Rica;2020-12-10;149815;1127;1882;18;109855;2231;38078;-1122;2020;grudzień;10;czwartek;0,0126;0,7333;0,2542;280;265;140,0; 90,5; 33,0;448,0
Costa Rica;2020-12-11;150947;1132;1895;13;112622;2767;36430;-1648;2020;grudzień;11;piątek;0,0126;0,7461;0,2413;281;266;138,0;144,0; 21,0;459,0
Costa Rica;2020-12-12;150947;   0;1895; 0;112622;   0;36430;    0;2020;grudzień;12;sobota;0,0126;0,7461;0,2413;282;267;428,0;376,0;416,0;322,0
Costa Rica;2020-12-13;150947;   0;1895; 0;112622;   0;36430;    0;2020;grudzień;13;niedziela;0,0126;0,7461;0,2413;283;268;428,0;376,0;416,0;322,0
Costa Rica;2020-12-14;153169;2222;1936;41;118511;5889;32722;-3708;2020;grudzień;14;poniedziałek;0,0126;0,7737;0,2136;284;269; 40,0; 16,5;  6,0;470,0
Costa Rica;2020-12-15;154096; 927;1956;20;121031;2520;31109;-1613;2020;grudzień;15;wtorek;0,0127;0,7854;0,2019;285;270;175,0; 73,0; 25,0;457,0
Costa Rica;2020-12-16;155263;1167;1967;11;122947;1916;30349; -760;2020;grudzień;16;środa;0,0127;0,7919;0,1955;286;271;130,0;165,0; 44,0;436,0
Costa Rica;2020-12-17;156388;1125;1980;13;124907;1960;29501; -848;2020;grudzień;17;czwartek;0,0127;0,7987;0,1886;287;272;141,0;144,0; 41,0;439,0
Costa Rica;2020-12-18;157472;1084;1996;16;125488; 581;29988;  487;2020;grudzień;18;piątek;0,0127;0,7969;0,1904;288;273;149,0;109,0;149,0;124,0
Costa Rica;2020-12-19;157472;   0;1996; 0;125488;   0;29988;    0;2020;grudzień;19;sobota;0,0127;0,7969;0,1904;289;274;428,0;376,0;416,0;322,0
Costa Rica;2020-12-20;157472;   0;1996; 0;125488;   0;29988;    0;2020;grudzień;20;niedziela;0,0127;0,7969;0,1904;290;275;428,0;376,0;416,0;322,0
Costa Rica;2020-12-21;159893;2421;2037;41;126777;1289;31079; 1091;2020;grudzień;21;poniedziałek;0,0127;0,7929;0,1944;291;276; 32,0; 16,5; 74,0; 39,0
Costa Rica;2020-12-22;160804; 911;2051;14;127618; 841;31135;   56;2020;grudzień;22;wtorek;0,0128;0,7936;0,1936;292;277;176,0;134,0;106,0;204,0
Costa Rica;2020-12-23;161942;1138;2065;14;128216; 598;31661;  526;2020;grudzień;23;środa;0,0128;0,7917;0,1955;293;278;137,0;134,0;147,0;115,0
Costa Rica;2020-12-24;162990;1048;2086;21;128842; 626;32062;  401;2020;grudzień;24;czwartek;0,0128;0,7905;0,1967;294;279;155,0; 63,5;141,0;140,0
Costa Rica;2020-12-25;162990;   0;2086; 0;128842;   0;32062;    0;2020;grudzień;25;piątek;0,0128;0,7905;0,1967;295;280;428,0;376,0;416,0;322,0
Costa Rica;2020-12-26;162990;   0;2086; 0;128842;   0;32062;    0;2020;grudzień;26;sobota;0,0128;0,7905;0,1967;296;281;428,0;376,0;416,0;322,0
Costa Rica;2020-12-27;162990;   0;2086; 0;128842;   0;32062;    0;2020;grudzień;27;niedziela;0,0128;0,7905;0,1967;297;282;428,0;376,0;416,0;322,0
Costa Rica;2020-12-28;165762;2772;2144;58;130289;1447;33329; 1267;2020;grudzień;28;poniedziałek;0,0129;0,7860;0,2011;298;283; 19,0;  8,0; 61,0; 30,0
Costa Rica;2020-12-29;166799;1037;2156;12;130989; 700;33654;  325;2020;grudzień;29;wtorek;0,0129;0,7853;0,2018;299;284;157,0;152,0;123,0;158,0
Costa Rica;2020-12-30;168114;1315;2171;15;131507; 518;34436;  782;2020;grudzień;30;środa;0,0129;0,7822;0,2048;300;285; 99,0;120,5;166,0; 74,0
Costa Rica;2020-12-31;169321;1207;2185;14;131923; 416;35213;  777;2020;grudzień;31;czwartek;0,0129;0,7791;0,2080;301;286;118,5;134,0;183,5; 75,0
Costa Rica;2021-01-01;169321;   0;2185; 0;131923;   0;35213;    0;2021;styczeń; 1;piątek;0,0129;0,7791;0,2080;302;287;428,0;376,0;416,0;322,0
Costa Rica;2021-01-02;169321;   0;2185; 0;131923;   0;35213;    0;2021;styczeń; 2;sobota;0,0129;0,7791;0,2080;303;288;428,0;376,0;416,0;322,0
Costa Rica;2021-01-03;169321;   0;2185; 0;131923;   0;35213;    0;2021;styczeń; 3;niedziela;0,0129;0,7791;0,2080;304;289;428,0;376,0;416,0;322,0
Costa Rica;2021-01-04;172436;3115;2229;44;132916; 993;37291; 2078;2021;styczeń; 4;poniedziałek;0,0129;0,7708;0,2163;305;290; 10,0; 13,0; 91,0; 10,0
Costa Rica;2021-01-05;173591;1155;2248;19;133607; 691;37736;  445;2021;styczeń; 5;wtorek;0,0129;0,7697;0,2174;306;291;134,0; 82,0;128,0;131,0
Costa Rica;2021-01-06;175038;1447;2267;19;134911;1304;37860;  124;2021;styczeń; 6;środa;0,0130;0,7708;0,2163;307;292; 77,0; 82,0; 71,5;189,0
Costa Rica;2021-01-07;176407;1369;2286;19;135475; 564;38646;  786;2021;styczeń; 7;czwartek;0,0130;0,7680;0,2191;308;293; 87,5; 82,0;154,0; 72,0
Costa Rica;2021-01-08;177614;1207;2305;19;136083; 608;39226;  580;2021;styczeń; 8;piątek;0,0130;0,7662;0,2208;309;294;118,5; 82,0;144,0;105,0
Costa Rica;2021-01-09;177614;   0;2305; 0;136083;   0;39226;    0;2021;styczeń; 9;sobota;0,0130;0,7662;0,2208;310;295;428,0;376,0;416,0;322,0
Costa Rica;2021-01-10;177614;   0;2305; 0;136083;   0;39226;    0;2021;styczeń;10;niedziela;0,0130;0,7662;0,2208;311;296;428,0;376,0;416,0;322,0
Costa Rica;2021-01-11;180061;2447;2353;48;138631;2548;39077; -149;2021;styczeń;11;poniedziałek;0,0131;0,7699;0,2170;312;297; 29,0; 11,5; 23,0;416,0
Costa Rica;2021-01-12;181093;1032;2367;14;139297; 666;39429;  352;2021;styczeń;12;wtorek;0,0131;0,7692;0,2177;313;298;158,0;134,0;134,0;151,0
Costa Rica;2021-01-13;182156;1063;2384;17;139967; 670;39805;  376;2021;styczeń;13;środa;0,0131;0,7684;0,2185;314;299;152,0; 99,0;131,5;145,0
Costa Rica;2021-01-14;183242;1086;2401;17;140573; 606;40268;  463;2021;styczeń;14;czwartek;0,0131;0,7671;0,2198;315;300;148,0; 99,0;145,0;129,0
Costa Rica;2021-01-15;184187; 945;2416;15;141374; 801;40397;  129;2021;styczeń;15;piątek;0,0131;0,7676;0,2193;316;301;173,0;120,5;110,0;188,0
Costa Rica;2021-01-16;184187;   0;2416; 0;141374;   0;40397;    0;2021;styczeń;16;sobota;0,0131;0,7676;0,2193;317;302;428,0;376,0;416,0;322,0
Costa Rica;2021-01-17;184187;   0;2416; 0;141374;   0;40397;    0;2021;styczeń;17;niedziela;0,0131;0,7676;0,2193;318;303;428,0;376,0;416,0;322,0
Costa Rica;2021-01-18;186016;1829;2458;42;142245; 871;41313;  916;2021;styczeń;18;poniedziałek;0,0132;0,7647;0,2221;319;304; 58,0; 15,0;100,0; 56,0
Costa Rica;2021-01-19;186877; 861;2477;19;144030;1785;40370; -943;2021;styczeń;19;wtorek;0,0133;0,7707;0,2160;320;305;182,0; 82,0; 48,0;441,0
Costa Rica;2021-01-20;187712; 835;2492;15;144877; 847;40343;  -27;2021;styczeń;20;środa;0,0133;0,7718;0,2149;321;306;186,0;120,5;104,5;405,0
Costa Rica;2021-01-21;188477; 765;2506;14;145724; 847;40247;  -96;2021;styczeń;21;czwartek;0,0133;0,7732;0,2135;322;307;194,0;134,0;104,5;412,0
Costa Rica;2021-01-22;189308; 831;2518;12;146448; 724;40342;   95;2021;styczeń;22;piątek;0,0133;0,7736;0,2131;323;308;187,0;152,0;119,0;195,0
Costa Rica;2021-01-23;189308;   0;2518; 0;146448;   0;40342;    0;2021;styczeń;23;sobota;0,0133;0,7736;0,2131;324;309;428,0;376,0;416,0;322,0
Costa Rica;2021-01-24;189308;   0;2518; 0;146448;   0;40342;    0;2021;styczeń;24;niedziela;0,0133;0,7736;0,2131;325;310;428,0;376,0;416,0;322,0
Costa Rica;2021-01-25;190745;1437;2558;40;149149;2701;39038;-1304;2021;styczeń;25;poniedziałek;0,0134;0,7819;0,2047;326;311; 78,0; 18,5; 22,0;450,0
Costa Rica;2021-01-26;191345; 600;2567; 9;149808; 659;38970;  -68;2021;styczeń;26;wtorek;0,0134;0,7829;0,2037;327;312;209,0;197,0;136,0;409,0
Costa Rica;2021-01-27;192066; 721;2584;17;150748; 940;38734; -236;2021;styczeń;27;środa;0,0135;0,7849;0,2017;328;313;198,5; 99,0; 95,0;422,0
Costa Rica;2021-01-28;192637; 571;2599;15;151382; 634;38656;  -78;2021;styczeń;28;czwartek;0,0135;0,7858;0,2007;329;314;213,0;120,5;139,0;410,0
Costa Rica;2021-01-29;193276; 639;2604; 5;151952; 570;38720;   64;2021;styczeń;29;piątek;0,0135;0,7862;0,2003;330;315;204,0;234,5;152,0;203,0
Costa Rica;2021-01-30;193276;   0;2604; 0;151952;   0;38720;    0;2021;styczeń;30;sobota;0,0135;0,7862;0,2003;331;316;428,0;376,0;416,0;322,0
Costa Rica;2021-01-31;193276;   0;2604; 0;151952;   0;38720;    0;2021;styczeń;31;niedziela;0,0135;0,7862;0,2003;332;317;428,0;376,0;416,0;322,0
Costa Rica;2021-02-01;194569;1293;2634;30;153063;1111;38872;  152;2021;luty; 1;poniedziałek;0,0135;0,7867;0,1998;333;318;103,0; 34,0; 85,0;183,5
Costa Rica;2021-02-02;195009; 440;2641; 7;154227;1164;38141; -731;2021;luty; 2;wtorek;0,0135;0,7909;0,1956;334;319;232,5;221,0; 79,0;435,0
Costa Rica;2021-02-03;195537; 528;2650; 9;155045; 818;37842; -299;2021;luty; 3;środa;0,0136;0,7929;0,1935;335;320;222,0;197,0;107,0;424,0
Costa Rica;2021-02-04;195992; 455;2662;12;155581; 536;37749;  -93;2021;luty; 4;czwartek;0,0136;0,7938;0,1926;336;321;229,0;152,0;161,5;411,0
Costa Rica;2021-02-05;196438; 446;2672;10;156181; 600;37585; -164;2021;luty; 5;piątek;0,0136;0,7951;0,1913;337;322;230,5;181,0;146,0;417,0
Costa Rica;2021-02-06;196438;   0;2672; 0;156181;   0;37585;    0;2021;luty; 6;sobota;0,0136;0,7951;0,1913;338;323;428,0;376,0;416,0;322,0
Costa Rica;2021-02-07;196438;   0;2672; 0;156181;   0;37585;    0;2021;luty; 7;niedziela;0,0136;0,7951;0,1913;339;324;428,0;376,0;416,0;322,0
Costa Rica;2021-02-08;197435; 997;2692;20;158283;2102;36460;-1125;2021;luty; 8;poniedziałek;0,0136;0,8017;0,1847;340;325;167,0; 73,0; 35,5;449,0
Costa Rica;2021-02-09;197852; 417;2698; 6;158820; 537;36334; -126;2021;luty; 9;wtorek;0,0136;0,8027;0,1836;341;326;247,0;230,0;160,0;414,0
Costa Rica;2021-02-10;198338; 486;2701; 3;159586; 766;36051; -283;2021;luty;10;środa;0,0136;0,8046;0,1818;342;327;226,0;249,0;113,0;423,0
Costa Rica;2021-02-11;198756; 418;2710; 9;160462; 876;35584; -467;2021;luty;11;czwartek;0,0136;0,8073;0,1790;343;328;245,5;197,0; 98,0;429,0
Costa Rica;2021-02-12;199187; 431;2714; 4;160946; 484;35527;  -57;2021;luty;12;piątek;0,0136;0,8080;0,1784;344;329;237,0;241,5;173,0;408,0
Costa Rica;2021-02-13;199187;   0;2714; 0;160946;   0;35527;    0;2021;luty;13;sobota;0,0136;0,8080;0,1784;345;330;428,0;376,0;416,0;322,0
Costa Rica;2021-02-14;199187;   0;2714; 0;160946;   0;35527;    0;2021;luty;14;niedziela;0,0136;0,8080;0,1784;346;331;428,0;376,0;416,0;322,0
Costa Rica;2021-02-15;200024; 837;2730;16;163334;2388;33960;-1567;2021;luty;15;poniedziałek;0,0136;0,8166;0,1698;347;332;185,0;109,0; 29,0;454,0
Costa Rica;2021-02-16;200454; 430;2737; 7;165439;2105;32278;-1682;2021;luty;16;wtorek;0,0137;0,8253;0,1610;348;333;238,0;221,0; 34,0;460,0
Costa Rica;2021-02-17;200888; 434;2745; 8;166979;1540;31164;-1114;2021;luty;17;środa;0,0137;0,8312;0,1551;349;334;236,0;209,0; 55,0;447,0
Costa Rica;2021-02-18;201241; 353;2756;11;168307;1328;30178; -986;2021;luty;18;czwartek;0,0137;0,8363;0,1500;350;335;256,0;165,0; 67,0;443,0
Costa Rica;2021-02-19;201678; 437;2763; 7;169053; 746;29862; -316;2021;luty;19;piątek;0,0137;0,8382;0,1481;351;336;234,0;221,0;116,5;425,0
Costa Rica;2021-02-20;201678;   0;2763; 0;169053;   0;29862;    0;2021;luty;20;sobota;0,0137;0,8382;0,1481;352;337;428,0;376,0;416,0;322,0
Costa Rica;2021-02-21;201678;   0;2763; 0;169053;   0;29862;    0;2021;luty;21;niedziela;0,0137;0,8382;0,1481;353;338;428,0;376,0;416,0;322,0
Costa Rica;2021-02-22;202674; 996;2782;19;172280;3227;27612;-2250;2021;luty;22;poniedziałek;0,0137;0,8500;0,1362;354;339;168,0; 82,0; 13,0;465,0
Costa Rica;2021-02-23;203097; 423;2785; 3;173591;1311;26721; -891;2021;luty;23;wtorek;0,0137;0,8547;0,1316;355;340;242,5;249,0; 70,0;440,0
Costa Rica;2021-02-24;203496; 399;2793; 8;174096; 505;26607; -114;2021;luty;24;środa;0,0137;0,8555;0,1307;356;341;249,0;209,0;168,5;413,0
Costa Rica;2021-02-25;203914; 418;2796; 3;175883;1787;25235;-1372;2021;luty;25;czwartek;0,0137;0,8625;0,1238;357;342;245,5;249,0; 47,0;452,0
Costa Rica;2021-02-26;204341; 427;2800; 4;177099;1216;24442; -793;2021;luty;26;piątek;0,0137;0,8667;0,1196;358;343;240,5;241,5; 78,0;438,0
Costa Rica;2021-02-27;204341;   0;2800; 0;177099;   0;24442;    0;2021;luty;27;sobota;0,0137;0,8667;0,1196;359;344;428,0;376,0;416,0;322,0
Costa Rica;2021-02-28;204341;   0;2800; 0;177099;   0;24442;    0;2021;luty;28;niedziela;0,0137;0,8667;0,1196;360;345;428,0;376,0;416,0;322,0
Costa Rica;2021-03-01;205086; 745;2812;12;181851;4752;20423;-4019;2021;marzec; 1;poniedziałek;0,0137;0,8867;0,0996;361;346;195,0;152,0;  7,0;472,0
Costa Rica;2021-03-02;205514; 428;2820; 8;183911;2060;18783;-1640;2021;marzec; 2;wtorek;0,0137;0,8949;0,0914;362;347;239,0;209,0; 37,0;458,0
Costa Rica;2021-03-03;205890; 376;2824; 4;185045;1134;18021; -762;2021;marzec; 3;środa;0,0137;0,8988;0,0875;363;348;251,0;241,5; 82,0;437,0
Costa Rica;2021-03-04;206293; 403;2829; 5;186093;1048;17371; -650;2021;marzec; 4;czwartek;0,0137;0,9021;0,0842;364;349;248,0;234,5; 89,0;432,0
Costa Rica;2021-03-05;206640; 347;2833; 4;187484;1391;16323;-1048;2021;marzec; 5;piątek;0,0137;0,9073;0,0790;365;350;258,0;241,5; 65,0;445,0
Costa Rica;2021-03-06;206640;   0;2833; 0;187484;   0;16323;    0;2021;marzec; 6;sobota;0,0137;0,9073;0,0790;366;351;428,0;376,0;416,0;322,0
Costa Rica;2021-03-07;206640;   0;2833; 0;187484;   0;16323;    0;2021;marzec; 7;niedziela;0,0137;0,9073;0,0790;367;352;428,0;376,0;416,0;322,0
Costa Rica;2021-03-08;206640;   0;2833; 0;187484;   0;16323;    0;2021;marzec; 8;poniedziałek;0,0137;0,9073;0,0790;368;353;428,0;376,0;416,0;322,0
Costa Rica;2021-03-09;207832;1192;2848;15;188151; 667;16833;  510;2021;marzec; 9;wtorek;0,0137;0,9053;0,0810;369;354;123,0;120,5;133,0;119,0
Costa Rica;2021-03-10;207832;   0;2848; 0;188151;   0;16833;    0;2021;marzec;10;środa;0,0137;0,9053;0,0810;370;355;428,0;376,0;416,0;322,0
Costa Rica;2021-03-11;207832;   0;2848; 0;188151;   0;16833;    0;2021;marzec;11;czwartek;0,0137;0,9053;0,0810;371;356;428,0;376,0;416,0;322,0
Costa Rica;2021-03-12;209093;1261;2862;14;188967; 816;17264;  431;2021;marzec;12;piątek;0,0137;0,9037;0,0826;372;357;106,0;134,0;108,0;136,0
Costa Rica;2021-03-13;209093;   0;2862; 0;188967;   0;17264;    0;2021;marzec;13;sobota;0,0137;0,9037;0,0826;373;358;428,0;376,0;416,0;322,0
Costa Rica;2021-03-14;209093;   0;2862; 0;188967;   0;17264;    0;2021;marzec;14;niedziela;0,0137;0,9037;0,0826;374;359;428,0;376,0;416,0;322,0
Costa Rica;2021-03-15;209093;   0;2862; 0;188967;   0;17264;    0;2021;marzec;15;poniedziałek;0,0137;0,9037;0,0826;375;360;428,0;376,0;416,0;322,0
Costa Rica;2021-03-16;210447;1354;2886;24;189682; 715;17879;  615;2021;marzec;16;wtorek;0,0137;0,9013;0,0850;376;361; 91,0; 51,5;121,0; 99,0
Costa Rica;2021-03-17;210447;   0;2886; 0;189682;   0;17879;    0;2021;marzec;17;środa;0,0137;0,9013;0,0850;377;362;428,0;376,0;416,0;322,0
Costa Rica;2021-03-18;210447;   0;2886; 0;189682;   0;17879;    0;2021;marzec;18;czwartek;0,0137;0,9013;0,0850;378;363;428,0;376,0;416,0;322,0
Costa Rica;2021-03-19;211903;1456;2896;10;190236; 554;18771;  892;2021;marzec;19;piątek;0,0137;0,8978;0,0886;379;364; 76,0;181,0;155,0; 58,0
Costa Rica;2021-03-20;211903;   0;2896; 0;190236;   0;18771;    0;2021;marzec;20;sobota;0,0137;0,8978;0,0886;380;365;428,0;376,0;416,0;322,0
Costa Rica;2021-03-21;211903;   0;2896; 0;190236;   0;18771;    0;2021;marzec;21;niedziela;0,0137;0,8978;0,0886;381;366;428,0;376,0;416,0;322,0
Costa Rica;2021-03-22;211903;   0;2896; 0;190236;   0;18771;    0;2021;marzec;22;poniedziałek;0,0137;0,8978;0,0886;382;367;428,0;376,0;416,0;322,0
Costa Rica;2021-03-23;213438;1535;2908;12;190950; 714;19580;  809;2021;marzec;23;wtorek;0,0136;0,8946;0,0917;383;368; 71,0;152,0;122,0; 70,0
Costa Rica;2021-03-24;213438;   0;2908; 0;190950;   0;19580;    0;2021;marzec;24;środa;0,0136;0,8946;0,0917;384;369;428,0;376,0;416,0;322,0
Costa Rica;2021-03-25;213438;   0;2908; 0;190950;   0;19580;    0;2021;marzec;25;czwartek;0,0136;0,8946;0,0917;385;370;428,0;376,0;416,0;322,0
Costa Rica;2021-03-26;215178;1740;2931;23;191707; 757;20540;  960;2021;marzec;26;piątek;0,0136;0,8909;0,0955;386;371; 61,0; 56,0;115,0; 51,0
Costa Rica;2021-03-27;215178;   0;2931; 0;191707;   0;20540;    0;2021;marzec;27;sobota;0,0136;0,8909;0,0955;387;372;428,0;376,0;416,0;322,0
Costa Rica;2021-03-28;215178;   0;2931; 0;191707;   0;20540;    0;2021;marzec;28;niedziela;0,0136;0,8909;0,0955;388;373;428,0;376,0;416,0;322,0
Costa Rica;2021-03-29;215178;   0;2931; 0;191707;   0;20540;    0;2021;marzec;29;poniedziałek;0,0136;0,8909;0,0955;389;374;428,0;376,0;416,0;322,0
Costa Rica;2021-03-30;216764;1586;2957;26;192699; 992;21108;  568;2021;marzec;30;wtorek;0,0136;0,8890;0,0974;390;375; 67,0; 44,0; 92,0;109,0
Costa Rica;2021-03-31;216764;   0;2957; 0;192699;   0;21108;    0;2021;marzec;31;środa;0,0136;0,8890;0,0974;391;376;428,0;376,0;416,0;322,0
Costa Rica;2021-04-01;216764;   0;2957; 0;192699;   0;21108;    0;2021;kwiecień; 1;czwartek;0,0136;0,8890;0,0974;392;377;428,0;376,0;416,0;322,0
Costa Rica;2021-04-02;216764;   0;2957; 0;192699;   0;21108;    0;2021;kwiecień; 2;piątek;0,0136;0,8890;0,0974;393;378;428,0;376,0;416,0;322,0
Costa Rica;2021-04-03;216764;   0;2957; 0;192699;   0;21108;    0;2021;kwiecień; 3;sobota;0,0136;0,8890;0,0974;394;379;428,0;376,0;416,0;322,0
Costa Rica;2021-04-04;216764;   0;2957; 0;192699;   0;21108;    0;2021;kwiecień; 4;niedziela;0,0136;0,8890;0,0974;395;380;428,0;376,0;416,0;322,0
Costa Rica;2021-04-05;216764;   0;2957; 0;192699;   0;21108;    0;2021;kwiecień; 5;poniedziałek;0,0136;0,8890;0,0974;396;381;428,0;376,0;416,0;322,0
Costa Rica;2021-04-06;219846;3082;3000;43;193857;1158;22989; 1881;2021;kwiecień; 6;wtorek;0,0136;0,8818;0,1046;397;382; 11,0; 14,0; 80,0; 14,0
Costa Rica;2021-04-07;219846;   0;3000; 0;193857;   0;22989;    0;2021;kwiecień; 7;środa;0,0136;0,8818;0,1046;398;383;428,0;376,0;416,0;322,0
Costa Rica;2021-04-08;219846;   0;3000; 0;193857;   0;22989;    0;2021;kwiecień; 8;czwartek;0,0136;0,8818;0,1046;399;384;428,0;376,0;416,0;322,0
Costa Rica;2021-04-09;222544;2698;3018;18;194760; 903;24766; 1777;2021;kwiecień; 9;piątek;0,0136;0,8752;0,1113;400;385; 21,0; 90,5; 97,0; 16,0
Costa Rica;2021-04-10;222544;   0;3018; 0;194760;   0;24766;    0;2021;kwiecień;10;sobota;0,0136;0,8752;0,1113;401;386;428,0;376,0;416,0;322,0
Costa Rica;2021-04-11;222544;   0;3018; 0;194760;   0;24766;    0;2021;kwiecień;11;niedziela;0,0136;0,8752;0,1113;402;387;428,0;376,0;416,0;322,0
Costa Rica;2021-04-12;222544;   0;3018; 0;194760;   0;24766;    0;2021;kwiecień;12;poniedziałek;0,0136;0,8752;0,1113;403;388;428,0;376,0;416,0;322,0
Costa Rica;2021-04-13;225343;2799;3044;26;196060;1300;26239; 1473;2021;kwiecień;13;wtorek;0,0135;0,8701;0,1164;404;389; 17,0; 44,0; 73,0; 22,0
Costa Rica;2021-04-14;225343;   0;3044; 0;196060;   0;26239;    0;2021;kwiecień;14;środa;0,0135;0,8701;0,1164;405;390;428,0;376,0;416,0;322,0
Costa Rica;2021-04-15;227533;2190;3065;21;196752; 692;27716; 1477;2021;kwiecień;15;czwartek;0,0135;0,8647;0,1218;406;391; 42,0; 63,5;126,5; 21,0
Costa Rica;2021-04-16;228577;1044;3071; 6;196974; 222;28532;  816;2021;kwiecień;16;piątek;0,0134;0,8617;0,1248;407;392;156,0;230,0;210,0; 69,0
Costa Rica;2021-04-17;228577;   0;3071; 0;196974;   0;28532;    0;2021;kwiecień;17;sobota;0,0134;0,8617;0,1248;408;393;428,0;376,0;416,0;322,0
Costa Rica;2021-04-18;228577;   0;3071; 0;196974;   0;28532;    0;2021;kwiecień;18;niedziela;0,0134;0,8617;0,1248;409;394;428,0;376,0;416,0;322,0
Costa Rica;2021-04-19;230837;2260;3099;28;197842; 868;29896; 1364;2021;kwiecień;19;poniedziałek;0,0134;0,8571;0,1295;410;395; 38,0; 38,5;101,0; 28,0
Costa Rica;2021-04-20;231967;1130;3104; 5;199166;1324;29697; -199;2021;kwiecień;20;wtorek;0,0134;0,8586;0,1280;411;396;139,0;234,5; 68,0;421,0
Costa Rica;2021-04-21;233498;1531;3115;11;199379; 213;31004; 1307;2021;kwiecień;21;środa;0,0133;0,8539;0,1328;412;397; 72,0;165,0;216,5; 29,0
Costa Rica;2021-04-22;235274;1776;3125;10;199779; 400;32370; 1366;2021;kwiecień;22;czwartek;0,0133;0,8491;0,1376;413;398; 60,0;181,0;185,0; 27,0
Costa Rica;2021-04-23;236930;1656;3136;11;199982; 203;33812; 1442;2021;kwiecień;23;piątek;0,0132;0,8441;0,1427;414;399; 64,0;165,0;218,0; 24,5
Costa Rica;2021-04-24;238760;1830;3143; 7;199982;   0;35635; 1823;2021;kwiecień;24;sobota;0,0132;0,8376;0,1493;415;400; 57,0;221,0;416,0; 15,0
Costa Rica;2021-04-25;238760;   0;3143; 0;199982;   0;35635;    0;2021;kwiecień;25;niedziela;0,0132;0,8376;0,1493;416;401;428,0;376,0;416,0;322,0
Costa Rica;2021-04-26;241240;2480;3168;25;201264;1282;36808; 1173;2021;kwiecień;26;poniedziałek;0,0131;0,8343;0,1526;417;402; 28,0; 47,5; 76,0; 35,5
Costa Rica;2021-04-27;243167;1927;3186;18;201784; 520;38197; 1389;2021;kwiecień;27;wtorek;0,0131;0,8298;0,1571;418;403; 48,0; 90,5;165,0; 26,0
Costa Rica;2021-04-28;245601;2434;3202;16;202215; 431;40184; 1987;2021;kwiecień;28;środa;0,0130;0,8233;0,1636;419;404; 31,0;109,0;177,0; 12,0
Costa Rica;2021-04-29;248382;2781;3217;15;202593; 378;42572; 2388;2021;kwiecień;29;czwartek;0,0130;0,8157;0,1714;420;405; 18,0;120,5;189,0;  7,0
Costa Rica;2021-04-30;250991;2609;3231;14;203009; 416;44751; 2179;2021;kwiecień;30;piątek;0,0129;0,8088;0,1783;421;406; 22,0;134,0;183,5;  8,0
Costa Rica;2021-05-01;250991;   0;3231; 0;203009;   0;44751;    0;2021;maj; 1;sobota;0,0129;0,8088;0,1783;422;407;428,0;376,0;416,0;322,0
Costa Rica;2021-05-02;250991;   0;3231; 0;203009;   0;44751;    0;2021;maj; 2;niedziela;0,0129;0,8088;0,1783;423;408;428,0;376,0;416,0;322,0
Costa Rica;2021-05-03;256676;5685;3290;59;205467;2458;47919; 3168;2021;maj; 3;poniedziałek;0,0128;0,8005;0,1867;424;409;  3,0;  7,0; 26,0;  5,0
Costa Rica;2021-05-04;257980;1304;3310;20;206319; 852;48351;  432;2021;maj; 4;wtorek;0,0128;0,7997;0,1874;425;410;100,0; 73,0;103,0;135,0
Costa Rica;2021-05-05;260535;2555;3326;16;209335;3016;47874; -477;2021;maj; 5;środa;0,0128;0,8035;0,1838;426;411; 26,0;109,0; 15,0;431,0
Costa Rica;2021-05-06;263094;2559;3341;15;211043;1708;48710;  836;2021;maj; 6;czwartek;0,0127;0,8022;0,1851;427;412; 25,0;120,5; 50,0; 66,0
Costa Rica;2021-05-07;265486;2392;3365;24;212525;1482;49596;  886;2021;maj; 7;piątek;0,0127;0,8005;0,1868;428;413; 33,0; 51,5; 59,0; 59,0
Costa Rica;2021-05-08;265486;   0;3365; 0;212525;   0;49596;    0;2021;maj; 8;sobota;0,0127;0,8005;0,1868;429;414;428,0;376,0;416,0;322,0
Costa Rica;2021-05-09;265486;   0;3365; 0;212525;   0;49596;    0;2021;maj; 9;niedziela;0,0127;0,8005;0,1868;430;415;428,0;376,0;416,0;322,0
Costa Rica;2021-05-10;271478;5992;3430;65;214788;2263;53260; 3664;2021;maj;10;poniedziałek;0,0126;0,7912;0,1962;431;416;  1,0;  6,0; 31,0;  1,0
Costa Rica;2021-05-11;273714;2236;3456;26;216191;1403;54067;  807;2021;maj;11;wtorek;0,0126;0,7898;0,1975;432;417; 39,0; 44,0; 64,0; 71,0
Costa Rica;2021-05-12;276887;3173;3482;26;217684;1493;55721; 1654;2021;maj;12;środa;0,0126;0,7862;0,2012;433;418;  9,0; 44,0; 57,0; 18,0
Costa Rica;2021-05-13;279926;3039;3514;32;219105;1421;57307; 1586;2021;maj;13;czwartek;0,0126;0,7827;0,2047;434;419; 12,0; 29,0; 62,0; 20,0
Costa Rica;2021-05-14;282741;2815;3547;33;221903;2798;57291;  -16;2021;maj;14;piątek;0,0125;0,7848;0,2026;435;420; 15,0; 25,0; 19,0;397,0
Costa Rica;2021-05-15;282741;   0;3547; 0;221903;   0;57291;    0;2021;maj;15;sobota;0,0125;0,7848;0,2026;436;421;428,0;376,0;416,0;322,0
Costa Rica;2021-05-16;282741;   0;3547; 0;221903;   0;57291;    0;2021;maj;16;niedziela;0,0125;0,7848;0,2026;437;422;428,0;376,0;416,0;322,0
Costa Rica;2021-05-17;288626;5885;3625;78;224354;2451;60647; 3356;2021;maj;17;poniedziałek;0,0126;0,7773;0,2101;438;423;  2,0;  3,0; 27,0;  2,0
Costa Rica;2021-05-18;290920;2294;3673;48;225158; 804;62089; 1442;2021;maj;18;wtorek;0,0126;0,7740;0,2134;439;424; 36,0; 11,5;109,0; 24,5
Costa Rica;2021-05-19;293820;2900;3696;23;225950; 792;64174; 2085;2021;maj;19;środa;0,0126;0,7690;0,2184;440;425; 13,0; 56,0;111,0;  9,0
Costa Rica;2021-05-20;296632;2812;3736;40;226667; 717;66229; 2055;2021;maj;20;czwartek;0,0126;0,7641;0,2233;441;426; 16,0; 18,5;120,0; 11,0
Costa Rica;2021-05-21;299219;2587;3765;29;228589;1922;66865;  636;2021;maj;21;piątek;0,0126;0,7640;0,2235;442;427; 23,5; 36,5; 43,0; 93,0
Costa Rica;2021-05-22;299219;   0;3765; 0;228589;   0;66865;    0;2021;maj;22;sobota;0,0126;0,7640;0,2235;443;428;428,0;376,0;416,0;322,0
Costa Rica;2021-05-23;299219;   0;3765; 0;228589;   0;66865;    0;2021;maj;23;niedziela;0,0126;0,7640;0,2235;444;429;428,0;376,0;416,0;322,0
Costa Rica;2021-05-24;304529;5310;3849;84;230635;2046;70045; 3180;2021;maj;24;poniedziałek;0,0126;0,7573;0,2300;445;430;  4,0;  1,0; 38,0;  4,0
Costa Rica;2021-05-25;306899;2370;3877;28;231319; 684;71703; 1658;2021;maj;25;wtorek;0,0126;0,7537;0,2336;446;431; 34,0; 38,5;129,0; 17,0
Costa Rica;2021-05-26;309486;2587;3908;31;238971;7652;66607;-5096;2021;maj;26;środa;0,0126;0,7722;0,2152;447;432; 23,5; 31,5;  1,0;474,0
Costa Rica;2021-05-27;311922;2436;3929;21;239917; 946;68076; 1469;2021;maj;27;czwartek;0,0126;0,7692;0,2182;448;433; 30,0; 63,5; 94,0; 23,0
Costa Rica;2021-05-28;314102;2180;3962;33;242019;2102;68121;   45;2021;maj;28;piątek;0,0126;0,7705;0,2169;449;434; 45,0; 25,0; 35,5;208,0
Costa Rica;2021-05-29;314102;   0;3962; 0;242019;   0;68121;    0;2021;maj;29;sobota;0,0126;0,7705;0,2169;450;435;428,0;376,0;416,0;322,0
Costa Rica;2021-05-30;314102;   0;3962; 0;242019;   0;68121;    0;2021;maj;30;niedziela;0,0126;0,7705;0,2169;451;436;428,0;376,0;416,0;322,0
Costa Rica;2021-05-31;318986;4884;4041;79;243495;1476;71450; 3329;2021;maj;31;poniedziałek;0,0127;0,7633;0,2240;452;437;  5,0;  2,0; 60,0;  3,0
Costa Rica;2021-06-01;321279;2293;4074;33;244582;1087;72623; 1173;2021;czerwiec; 1;wtorek;0,0127;0,7613;0,2260;453;438; 37,0; 25,0; 86,0; 35,5
Costa Rica;2021-06-02;323598;2319;4098;24;245708;1126;73792; 1169;2021;czerwiec; 2;środa;0,0127;0,7593;0,2280;454;439; 35,0; 51,5; 84,0; 37,0
Costa Rica;2021-06-03;325779;2181;4124;26;246686; 978;74969; 1177;2021;czerwiec; 3;czwartek;0,0127;0,7572;0,2301;455;440; 44,0; 44,0; 93,0; 33,0
Costa Rica;2021-06-04;327979;2200;4153;29;247905;1219;75921;  952;2021;czerwiec; 4;piątek;0,0127;0,7559;0,2315;456;441; 41,0; 36,5; 77,0; 53,0
Costa Rica;2021-06-05;327979;   0;4153; 0;247905;   0;75921;    0;2021;czerwiec; 5;sobota;0,0127;0,7559;0,2315;457;442;428,0;376,0;416,0;322,0
Costa Rica;2021-06-06;327979;   0;4153; 0;247905;   0;75921;    0;2021;czerwiec; 6;niedziela;0,0127;0,7559;0,2315;458;443;428,0;376,0;416,0;322,0
Costa Rica;2021-06-07;331920;3941;4228;75;249209;1304;78483; 2562;2021;czerwiec; 7;poniedziałek;0,0127;0,7508;0,2365;459;444;  6,0;  4,0; 71,5;  6,0
Costa Rica;2021-06-08;333820;1900;4251;23;252688;3479;76881;-1602;2021;czerwiec; 8;wtorek;0,0127;0,7570;0,2303;460;445; 51,0; 56,0; 12,0;455,0
Costa Rica;2021-06-09;336007;2187;4278;27;258822;6134;72907;-3974;2021;czerwiec; 9;środa;0,0127;0,7703;0,2170;461;446; 43,0; 40,5;  4,0;471,0
Costa Rica;2021-06-10;338048;2041;4298;20;259872;1050;73878;  971;2021;czerwiec;10;czwartek;0,0127;0,7687;0,2185;462;447; 46,0; 73,0; 88,0; 49,0
Costa Rica;2021-06-11;339900;1852;4322;24;261195;1323;74383;  505;2021;czerwiec;11;piątek;0,0127;0,7684;0,2188;463;448; 55,0; 51,5; 69,0;120,0
Costa Rica;2021-06-12;339900;   0;4322; 0;261195;   0;74383;    0;2021;czerwiec;12;sobota;0,0127;0,7684;0,2188;464;449;428,0;376,0;416,0;322,0
Costa Rica;2021-06-13;339900;   0;4322; 0;261195;   0;74383;    0;2021;czerwiec;13;niedziela;0,0127;0,7684;0,2188;465;450;428,0;376,0;416,0;322,0
Costa Rica;2021-06-14;343604;3704;4388;66;262852;1657;76364; 1981;2021;czerwiec;14;poniedziałek;0,0128;0,7650;0,2222;466;451;  7,0;  5,0; 53,0; 13,0
Costa Rica;2021-06-15;345312;1708;4407;19;265255;2403;75650; -714;2021;czerwiec;15;wtorek;0,0128;0,7682;0,2191;467;452; 62,0; 82,0; 28,0;434,0
Costa Rica;2021-06-16;347157;1845;4437;30;266249; 994;76471;  821;2021;czerwiec;16;środa;0,0128;0,7669;0,2203;468;453; 56,0; 34,0; 90,0; 68,0
Costa Rica;2021-06-17;349026;1869;4459;22;267769;1520;76798;  327;2021;czerwiec;17;czwartek;0,0128;0,7672;0,2200;469;454; 53,0; 58,0; 56,0;157,0
Costa Rica;2021-06-18;350630;1604;4473;14;272128;4359;74029;-2769;2021;czerwiec;18;piątek;0,0128;0,7761;0,2111;470;455; 65,0;134,0; 10,0;467,0
Costa Rica;2021-06-19;350630;   0;4473; 0;272128;   0;74029;    0;2021;czerwiec;19;sobota;0,0128;0,7761;0,2111;471;456;428,0;376,0;416,0;322,0
Costa Rica;2021-06-20;350630;   0;4473; 0;272128;   0;74029;    0;2021;czerwiec;20;niedziela;0,0128;0,7761;0,2111;472;457;428,0;376,0;416,0;322,0
Costa Rica;2021-06-21;354095;3465;4530;57;278225;6097;71340;-2689;2021;czerwiec;21;poniedziałek;0,0128;0,7857;0,2015;473;458;  8,0;  9,0;  5,0;466,0
Costa Rica;2021-06-22;355620;1525;4546;16;281042;2817;70032;-1308;2021;czerwiec;22;wtorek;0,0128;0,7903;0,1969;474;459; 73,0;109,0; 18,0;451,0
Costa Rica;2021-06-23;357523;1903;4567;21;283935;2893;69021;-1011;2021;czerwiec;23;środa;0,0128;0,7942;0,1931;475;460; 50,0; 63,5; 16,0;444,0
